time,open,high,low,close,volume,rsi,macd,macd_signal,macd_diff,adx,ema_short,ema_long,bb_width,volatility,atr,cci,parabolic_sar,vwap,wma,trix,bb_upper,bb_middle,bb_lower
2024-01-15 02:00:00,41732.35,43400.43,41718.05,42511.1,40269.89303,38.29095116149843,215.9177052762243,602.0189886455596,-386.1012833693353,16.533618997713255,43426.14573666064,43564.518354680324,6392.953268922211,1954.6652531429281,2124.812859221106,-80.11124009396423,48673.688592,43136.82983328249,44060.604571428565,0.1671657091873587,46439.14263446111,43242.666000000005,40046.1893655389
