time,open,high,low,close,volume,rsi,macd,macd_signal,macd_diff,adx,ema_short,ema_long,bb_width,volatility,atr,cci,parabolic_sar,vwap,wma,trix,bb_upper,bb_middle,bb_lower
2024-05-15 03:00:00,61577.49,66444.16,61319.47,66206.5,43559.74719,69.49346747743557,-440.13591052995616,-843.3568714693047,403.2209609393485,19.109523940937777,62974.014683447414,63114.971388689635,7706.699688182562,1626.885163195211,2825.93303781004,204.24285803640186,58040.308697624365,55088.946882900666,62568.12857142857,-0.21276015270405937,66460.15984409128,62606.81,58753.46015590872
