time,open,high,low,close,volume,rsi,macd,macd_signal,macd_diff,ADX,ema_short,ema_long,bb_width,volatility,atr,cci,parabolic_sar,vwap,wma,trix,bb_upper,bb_middle,bb_lower
2025-06-24 03:00:00,105333.94,106290.0,104622.02,106083.0,14651.69335,59.69472659640948,-220.85720133686848,47.55682881319044,-268.4140301500589,17.738055905822186,104428.28569350085,104926.7498478687,7672.176801714115,1807.4701473775865,3199.238179243848,72.75681049496059,107670.91806876007,95219.80372275964,104417.46114285714,-0.0046848725610969,107395.84840085704,103559.76,99723.67159914294
