time,open,high,low,close,volume,rsi,macd,macd_signal,macd_diff,adx,ema_short,ema_long,bb_width,volatility,atr,cci,parabolic_sar,vwap,wma,trix,bb_upper,bb_middle,bb_lower
2024-08-05 03:00:00,58161.0,58305.59,49000.0,54018.81,162065.59186,10.298798869590314,-1037.748881460575,337.28283625574215,-1375.031717716317,23.785559022130432,60326.86803945872,63095.9727143038,15024.215547016014,4650.433917306786,3158.460150251382,-173.53661346619552,68043.4314534016,57225.819547252155,62515.28076190476,0.12836224445116373,67458.13777350802,59946.030000000006,52433.922226492
