time,open,high,low,close,volume,rsi,macd,macd_signal,macd_diff,ADX,ema_short,ema_long,bb_width,volatility,atr,cci,parabolic_sar,vwap,wma,trix,bb_upper,bb_middle,bb_lower
2025-06-19 03:00:00,104886.79,105226.17,103929.27,104658.59,7678.60737,40.03873280814467,266.81477731595805,715.3305892240984,-448.51581190814034,15.235745667754545,105425.12938331212,105527.58355896636,3328.865851359151,1855.9711133779224,2794.9481696224925,-75.27273159486712,110389.5666,95066.74977859874,105979.98523809524,0.0859002138321063,106961.44892567956,105297.016,103632.5830743204
