time,open,high,low,close,volume,rsi,macd,macd_signal,macd_diff,ADX,ema_short,ema_long,bb_width,volatility,atr,cci,parabolic_sar,vwap,wma,trix,bb_upper,bb_middle,bb_lower
2025-06-13 03:00:00,105671.74,106179.53,102664.31,106066.59,26180.81734,45.9380153537148,1068.9449804470787,1274.516749919071,-205.571769471992,17.18606119333862,106876.48712489232,105692.14898913074,7939.695043692976,2746.593198652334,2940.682828706638,-41.23368484389367,102006.47411749784,94929.17018101308,106586.59628571427,0.164032126096716,112154.01752184649,108184.17,104214.32247815352
