time,open,high,low,close,volume,rsi,macd,macd_signal,macd_diff,adx,ema_short,ema_long,bb_width,volatility,atr,cci,parabolic_sar,vwap,wma,trix,bb_upper,bb_middle,bb_lower
2024-08-28 03:00:00,59415.0,60234.98,57860.0,59034.9,36868.54275,35.71324428407024,-18.9329279335725,-170.26886517616265,151.33593724259015,20.29492148133235,61021.378308031264,60969.95343274313,9073.512174584597,2229.563576276761,2783.0415474483475,-94.77353162843023,57626.23039062633,57374.30649475672,61210.159238095235,-0.06172127810062736,66468.9380872923,61932.18200000001,57395.42591270771
