time,open,high,low,close,volume,rsi,macd,macd_signal,macd_diff,adx,ema_short,ema_long,bb_width,volatility,atr,cci,parabolic_sar,vwap,wma,trix,bb_upper,bb_middle,bb_lower
2024-06-04 03:00:00,68809.89,71063.45,68567.32,70537.84,29619.78489,71.97162222385178,1067.3343664643617,1086.7429057508614,-19.408539286499717,20.374392421772058,68781.73439716008,67412.58371625104,4470.685404103337,935.0778079721747,2291.7760393458298,158.9933225842813,66670.0,56000.0335965862,68555.56371428572,0.2621007325958922,70719.38870205167,68484.046,66248.70329794833
