time,open,high,low,close,volume,rsi,macd,macd_signal,macd_diff,adx,ema_short,ema_long,bb_width,volatility,atr,cci,parabolic_sar,vwap,wma,trix,bb_upper,bb_middle,bb_lower
2024-09-19 03:00:00,61759.98,63850.0,61555.0,62947.99,34332.52608,75.50935748150438,437.7674615942451,-261.6704319935133,699.4378935877585,16.757872442719535,60488.77080332717,59222.86761434799,6860.579186763629,1844.3078591765266,2389.6254643084685,180.83548822965884,54913.75536135283,57420.48104733491,59597.25238095239,-0.08305771506666004,63903.881593381804,60473.59199999999,57043.302406618175
