time,open,high,low,close,volume,rsi,macd,macd_signal,macd_diff,adx,ema_short,ema_long,bb_width,volatility,atr,cci,parabolic_sar,vwap,wma,trix,bb_upper,bb_middle,bb_lower
2024-05-26 03:00:00,69290.56,69562.23,68128.01,68507.67,11872.11797,55.6209445974656,1487.269880744192,1091.6214671562898,395.64841358790227,21.877569333979693,68461.86488945452,66227.6927751315,1926.1269331378862,1577.249336590563,2560.884609220056,8.9730348400505,66600.12,55640.33819597231,68294.37819047619,0.23711127232224713,69659.96346656894,68696.9,67733.83653343105
