time,open,high,low,close,volume,rsi,macd,macd_signal,macd_diff,ADX,ema_short,ema_long,bb_width,volatility,atr,cci,parabolic_sar,vwap,wma,trix,bb_upper,bb_middle,bb_lower
2025-01-14 02:00:00,94536.11,97371.0,94346.22,96560.86,27846.61753,56.57556176948938,-647.1936758115044,-603.5781481635199,-43.61552764798444,16.777225065427633,95428.38856887475,96301.02318050383,3146.1865264572552,2714.238921802263,3654.058895812349,17.611217068786615,101327.07344120988,97679.08322007922,95776.76352380952,-0.106877428021227,96566.71726322862,94993.624,93420.53073677135
