time,open,high,low,close,volume,rsi,macd,macd_signal,macd_diff,ADX,ema_short,ema_long,bb_width,volatility,atr,cci,parabolic_sar,vwap,wma,trix,bb_upper,bb_middle,bb_lower
2025-01-21 02:00:00,102260.0,107240.81,100119.04,106143.82,45941.02002,73.37471358529112,1751.5369222341542,756.0014989159854,995.5354233181688,14.595611627736442,102361.17332703424,99134.48769007536,6818.206821686355,4105.239133724382,4601.388063289143,78.36984004356589,93141.8701442258,98576.9822363508,100807.06742857143,0.0877389336968472,107082.92541084318,103673.822,100264.71858915682
