time,open,high,low,close,volume,rsi,macd,macd_signal,macd_diff,adx,ema_short,ema_long,bb_width,volatility,atr,cci,parabolic_sar,vwap,wma,trix,bb_upper,bb_middle,bb_lower
2024-06-17 03:00:00,66676.86,67298.81,65130.0,66504.33,27386.16851,35.75438061475289,-146.84955141200044,342.0818535498967,-488.93140496189716,18.620370001681007,67019.70131170398,67672.58564471768,1092.0270590050786,1431.2750291466996,1993.611242222373,-69.69723401014433,70890.13730595406,56461.41839565018,67557.11723809523,0.09222678526653622,66991.30352950255,66445.29000000001,65899.27647049747
