time,open,high,low,close,volume,rsi,macd,macd_signal,macd_diff,ADX,ema_short,ema_long,bb_width,volatility,atr,cci,parabolic_sar,vwap,wma,trix,bb_upper,bb_middle,bb_lower
2025-04-27 03:00:00,94628.0,95369.0,93602.58,93749.3,11162.841,75.68303424410553,2770.647195692567,1645.27282373571,1125.374371956857,25.23119653457122,92527.30028528212,87912.50412227599,1665.0959078823216,4452.48505285262,3036.6287012638977,62.91126406975613,87224.78159901583,93023.0742338677,91076.03438095238,0.2743706241070495,94970.05395394115,94137.506,93304.95804605883
