time,open,high,low,close,volume,rsi,macd,macd_signal,macd_diff,adx,ema_short,ema_long,bb_width,volatility,atr,cci,parabolic_sar,vwap,wma,trix,bb_upper,bb_middle,bb_lower
2024-07-07 03:00:00,58230.13,58449.46,55724.37,55857.81,19118.93918,26.25105366896446,-2316.9171213741647,-1846.98357964633,-469.9335417278346,38.78060455363611,58376.862632035074,61830.62829084186,6061.708135004417,2612.5014028506325,2278.55838571661,-85.86016872798876,62917.59803968001,56729.64071526936,59346.58180952381,-0.42310040323426945,60625.91806750221,57595.064,54564.20993249779
