time,open,high,low,close,volume,rsi,macd,macd_signal,macd_diff,ADX,ema_short,ema_long,bb_width,volatility,atr,cci,parabolic_sar,vwap,wma,trix,bb_upper,bb_middle,bb_lower
2025-01-01 02:00:00,93576.0,95151.15,92888.0,94591.79,10373.32613,44.25693460106951,-1260.3523991394031,-798.0044941967934,-462.3479049426097,23.10651849673945,94640.36279094104,96784.6584687091,3463.026689255232,2159.948927959896,3800.3837892850215,-51.575492489175794,101472.05924345776,98112.83496998544,95062.01666666668,,95731.12134462762,93999.608,92268.0946553724
