time,open,high,low,close,volume,rsi,macd,macd_signal,macd_diff,adx,ema_short,ema_long,bb_width,volatility,atr,cci,parabolic_sar,vwap,wma,trix,bb_upper,bb_middle,bb_lower
2024-07-12 03:00:00,57339.89,58526.68,56542.47,57889.1,23652.4569,45.5482059097681,-2072.2972702948173,-2082.592365942318,10.295095647500602,41.80410878675116,57802.981171469255,60425.06642960349,1908.0724939505017,1184.4770696969729,2355.5425469630904,31.92593294643712,61176.25461238159,56741.64734618791,57965.24514285715,-0.4919085161868715,58497.92824697524,57543.89199999999,56589.85575302474
