time,open,high,low,close,volume,rsi,macd,macd_signal,macd_diff,ADX,ema_short,ema_long,bb_width,volatility,atr,cci,parabolic_sar,vwap,wma,trix,bb_upper,bb_middle,bb_lower
2025-05-05 03:00:00,94277.61,95199.0,93514.1,94733.68,17251.18189,55.21048465469731,2778.2654147058784,2739.840173039287,38.42524166659132,28.94635455302831,94905.93064074304,91368.27260259348,4000.654802529665,1056.5992795128234,2591.136035373028,-47.5927156094846,97895.68,93087.3482641906,95013.83961904762,0.478658957822475,97649.28140126485,95648.954,93648.62659873517
