time,open,high,low,close,volume,rsi,macd,macd_signal,macd_diff,adx,ema_short,ema_long,bb_width,volatility,atr,cci,parabolic_sar,vwap,wma,trix,bb_upper,bb_middle,bb_lower
2024-08-06 03:00:00,54018.82,57040.99,53950.0,56022.01,55884.77676,25.4417914807174,-1444.1758583036935,-19.008902656144983,-1425.1669556475485,25.836914296600433,59250.65352959404,62551.82173628044,11210.566300526174,4870.696326111771,3153.640853804855,-102.31069045967934,66139.08830806144,57218.891401498135,61427.766190476184,0.052101767795034726,63684.91115026309,58079.628000000004,52474.34484973692
