time,open,high,low,close,volume,rsi,macd,macd_signal,macd_diff,adx,ema_short,ema_long,bb_width,volatility,atr,cci,parabolic_sar,vwap,wma,trix,bb_upper,bb_middle,bb_lower
2024-04-15 03:00:00,65661.85,66867.07,62274.4,63419.99,52389.53069,31.715853150803852,-144.22536357860372,694.8246671194017,-839.0500306980055,18.89978991405304,66289.36909453986,67337.54937340505,9528.336753659205,2825.4330081562302,3723.692230758431,-102.27274070367828,71704.28472384001,53840.77818658426,67351.3179047619,0.13404086857200054,70789.9863768296,66025.818,61261.6496231704
