time,open,high,low,close,volume,rsi,macd,macd_signal,macd_diff,adx,ema_short,ema_long,bb_width,volatility,atr,cci,parabolic_sar,vwap,wma,trix,bb_upper,bb_middle,bb_lower
2024-10-26 03:00:00,66698.32,67454.55,66439.9,67092.76,11842.9077,51.652457087616995,1373.6203769567364,1434.2742503066625,-60.653873349926016,19.331339518996153,67226.97208713692,65561.92236435041,2256.888559282437,795.5874865961174,1985.6702767017443,-69.25942332862962,65596.29,57921.220412981915,67467.50685714286,0.32938169927152056,68345.24827964121,67216.80399999999,66088.35972035877
