time,open,high,low,close,volume,rsi,macd,macd_signal,macd_diff,adx,ema_short,ema_long,bb_width,volatility,atr,cci,parabolic_sar,vwap,wma,trix,bb_upper,bb_middle,bb_lower
2024-01-22 02:00:00,41580.32,41689.65,39431.58,39568.02,55426.19911,21.316753069732385,-589.1261503322821,-110.44351518092445,-478.68263515135766,18.413942144831,41468.45820044415,42692.57619439966,3237.4372543824575,1030.9311927729693,1825.0581148089348,-175.11868855099254,46649.81246886279,42966.98219806354,41983.238190476186,-0.0440578011445886,42784.90262719122,41166.183999999994,39547.465372808765
