time,open,high,low,close,volume,rsi,macd,macd_signal,macd_diff,adx,ema_short,ema_long,bb_width,volatility,atr,cci,parabolic_sar,vwap,wma,trix,bb_upper,bb_middle,bb_lower
2024-08-16 03:00:00,57541.05,59817.76,57098.62,58874.6,27610.84344,46.791865484446895,-1276.8008325319752,-1166.401200422876,-110.39963210909923,25.922365586997223,58984.03480925465,60698.31887355273,3953.109842007194,1933.9685999158353,3259.0855100616486,-95.62562661507727,51785.43774356525,57276.121499390145,58924.02314285715,-0.2684562348176439,60983.1229210036,59006.56800000001,57030.01307899641
