time,open,high,low,close,volume,rsi,macd,macd_signal,macd_diff,adx,ema_short,ema_long,bb_width,volatility,atr,cci,parabolic_sar,vwap,wma,trix,bb_upper,bb_middle,bb_lower
2024-06-02 03:00:00,67766.84,68460.0,67257.47,67765.63,15426.32529,47.6087338736168,932.1955612334714,1130.3274735579712,-198.1319123244998,18.67968779108068,67991.85448384016,67013.99950032239,1124.7873676664312,662.5459576494459,2245.3285426732705,-69.6512886542321,70948.18661931444,55895.86470319577,68274.39838095238,0.27225586801501167,68377.80968383321,67815.416,67253.02231616678
