time,open,high,low,close,volume,rsi,macd,macd_signal,macd_diff,ADX,ema_short,ema_long,bb_width,volatility,atr,cci,parabolic_sar,vwap,wma,trix,bb_upper,bb_middle,bb_lower
2025-04-01 03:00:00,82550.0,85579.46,82432.74,85158.34,20190.39697,55.0501247239331,-972.4875384779152,-1113.821168150224,141.3336296723087,22.134768665670112,84248.6416477724,85403.58095345437,4540.4998048337,2106.6837180006905,3260.486525169229,-27.69580116088157,80601.24380914248,94697.37162255908,84741.5139047619,-0.1832667596295474,85704.50190241686,83434.25200000001,81164.00209758316
