time,open,high,low,close,volume,rsi,macd,macd_signal,macd_diff,adx,ema_short,ema_long,bb_width,volatility,atr,cci,parabolic_sar,vwap,wma,trix,bb_upper,bb_middle,bb_lower
2024-11-11 02:00:00,80370.01,93265.64,80216.01,89855.99,417630.302334,87.0251974773386,4854.8428573875135,2606.1659390166174,2248.676918370896,21.248410990884548,74594.50440632622,65932.86465147886,34519.17352233932,9305.560766278724,7451.957896989241,207.5476484603837,54007.56672384,49045.23058155397,69996.698,0.5266369110566642,92470.72276116966,75211.136,57951.54923883034
