time,open,high,low,close,volume,rsi,macd,macd_signal,macd_diff,adx,ema_short,ema_long,bb_width,volatility,atr,cci,parabolic_sar,vwap,wma,trix,bb_upper,bb_middle,bb_lower
2024-05-12 03:00:00,60825.99,61888.0,60610.0,61483.99,12753.13236,45.749753884041716,-991.4722085633839,-1004.2179046325131,12.745696069129167,21.820562010408576,61690.45702743089,62965.991713513366,3352.9795958950126,1221.3403508978881,2700.92404449283,-76.14888162628938,57574.20876678124,54959.84090529914,61860.780000000006,-0.24762750513565995,63151.89179794751,61475.402,59798.912202052496
