time,open,high,low,close,volume,rsi,macd,macd_signal,macd_diff,adx,ema_short,ema_long,bb_width,volatility,atr,cci,parabolic_sar,vwap,wma,trix,bb_upper,bb_middle,bb_lower
2024-10-22 03:00:00,67377.5,67836.01,66571.42,67426.0,24598.96268,59.15986578019098,1688.8525805348763,1372.3445517355178,316.5080287993585,21.49231382101833,67400.70054700064,64958.35505055034,2546.05685785925,1717.9364551104152,1926.013537333222,-15.369402157847663,63396.64890808666,57846.632638757095,66995.77314285714,0.3065007265433701,69401.32642892962,68128.298,66855.26957107037
