time,open,high,low,close,volume,rsi,macd,macd_signal,macd_diff,ADX,ema_short,ema_long,bb_width,volatility,atr,cci,parabolic_sar,vwap,wma,trix,bb_upper,bb_middle,bb_lower
2025-05-31 03:00:00,103985.47,104900.0,103068.55,104591.88,11289.35922,36.51111477537413,2180.005296445408,3140.254386550776,-960.249090105368,25.05788015900602,106176.32448299418,104352.28893165,7559.8107184490655,2361.7330957918853,2908.0633739099576,-141.67330145941705,110851.30061958426,94487.68888383532,107129.08914285716,0.4710203057825555,109957.31735922454,106177.412,102397.50664077548
