time,open,high,low,close,volume,rsi,macd,macd_signal,macd_diff,adx,ema_short,ema_long,bb_width,volatility,atr,cci,parabolic_sar,vwap,wma,trix,bb_upper,bb_middle,bb_lower
2024-07-15 03:00:00,60797.91,64900.0,60632.3,64724.14,38690.9782,80.62309752355424,-970.2582249942643,-1746.0702681906216,775.8120431963573,37.00452604566392,60291.8411192136,60702.20632241914,10601.044985393266,2517.5658889312112,2467.431292156672,204.92686063586092,53644.6252,56790.07814962548,59091.31761904762,-0.4333905942375245,65291.534492696635,59991.012,54690.48950730337
