time,open,high,low,close,volume,rsi,macd,macd_signal,macd_diff,adx,ema_short,ema_long,bb_width,volatility,atr,cci,parabolic_sar,vwap,wma,trix,bb_upper,bb_middle,bb_lower
2024-04-29 03:00:00,63118.62,64734.0,56552.82,64012.0,298372.0172,56.42250925964332,7963.045267399131,8040.370126057982,-77.32485865885064,54.171017024770904,64449.525905927134,54489.32686053495,8596.420457768458,2853.1256699667124,6034.277249796732,-143.54193354234556,73777.0,42247.233346791414,64777.70257142857,2.7891891083679297,69717.01022888423,65418.8,61120.589771115774
