time,open,high,low,close,volume,rsi,macd,macd_signal,macd_diff,adx,ema_short,ema_long,bb_width,volatility,atr,cci,parabolic_sar,vwap,wma,trix,bb_upper,bb_middle,bb_lower
2024-05-21 03:00:00,71446.62,71979.0,69162.94,70148.34,49607.4336,69.96348577805594,1309.8391883952427,303.27218147683965,1006.567006918403,22.935338480971755,67690.45146831864,65012.18804915321,8187.6134643144105,3311.9850696357335,2764.2879998792537,133.00745530511156,62214.450656873225,55432.999783676896,66270.42733333333,0.03970052557467639,72455.44073215719,68361.63399999999,64267.82726784278
