time,open,high,low,close,volume,rsi,macd,macd_signal,macd_diff,adx,ema_short,ema_long,bb_width,volatility,atr,cci,parabolic_sar,vwap,wma,trix,bb_upper,bb_middle,bb_lower
2024-03-04 02:00:00,63113.97,68499.0,62300.0,68245.71,84835.16005,90.34209135144428,4641.6291714976105,3532.2909637617354,1109.3382077358751,51.46657625926189,62238.382980474606,55158.10015548498,10076.141285659578,5475.775855650661,2395.052725483593,113.36558940467506,54377.017285829395,46428.21679393381,59979.83028571429,1.04288326379071,68411.23864282979,63373.168000000005,58335.09735717021
