time,open,high,low,close,volume,rsi,macd,macd_signal,macd_diff,adx,ema_short,ema_long,bb_width,volatility,atr,cci,parabolic_sar,vwap,wma,trix,bb_upper,bb_middle,bb_lower
2024-11-27 02:00:00,91965.16,97208.21,91792.14,95863.11,41153.42734,60.093311932292124,5733.996297413076,6191.664736748144,-457.6684393350679,50.52920210336731,94684.65972394044,87856.37017042116,9644.762388069357,3052.998165310311,3710.402855949241,-16.20927452757908,99101.967456,60836.730121804954,94768.62523809522,1.1709222654364282,100104.52519403468,95282.144,90459.76280596532
