time,open,high,low,close,volume,rsi,macd,macd_signal,macd_diff,adx,ema_short,ema_long,bb_width,volatility,atr,cci,parabolic_sar,vwap,wma,trix,bb_upper,bb_middle,bb_lower
2024-11-17 02:00:00,90587.98,91449.99,88722.0,89855.99,23867.55609,72.02001599271728,6127.438560858936,4910.112247240577,1217.3263136183596,44.72635196065659,87866.18591492786,78886.55022705086,5242.214897059428,5788.670057272507,3474.7365876396434,58.73133832178548,82611.88425758232,59616.93919621222,86047.89952380952,0.987612319044838,92456.26144852972,89835.15400000001,87214.0465514703
