time,open,high,low,close,volume,rsi,macd,macd_signal,macd_diff,adx,ema_short,ema_long,bb_width,volatility,atr,cci,parabolic_sar,vwap,wma,trix,bb_upper,bb_middle,bb_lower
2024-04-20 03:00:00,63818.01,65419.0,63090.07,64940.59,23137.42975,49.567279984081985,-933.0169413795229,-349.49147582030423,-583.5254655592187,22.539111415382962,64366.28683591131,66085.18268298387,4798.480446433976,2404.3261790313786,3751.682266085168,27.819969142252276,68744.24775277708,54190.50965168762,64869.21428571428,-0.08625265946486355,65859.12822321699,63459.888,61060.647776783015
