time,open,high,low,close,volume,rsi,macd,macd_signal,macd_diff,adx,ema_short,ema_long,bb_width,volatility,atr,cci,parabolic_sar,vwap,wma,trix,bb_upper,bb_middle,bb_lower
2024-10-20 03:00:00,68377.99,69400.0,68100.0,69031.99,12442.47378,83.9823925774423,1774.2512697346028,1182.700244598554,591.5510251360488,21.034316229921977,67397.18986133448,64533.98613571531,2342.647773042292,2481.4620120408867,1922.895522587642,86.12528614185659,61801.902156675074,57800.3983197997,66366.3121904762,0.26162412257333073,69347.27988652115,68175.956,67004.63211347886
