time,open,high,low,close,volume,rsi,macd,macd_signal,macd_diff,adx,ema_short,ema_long,bb_width,volatility,atr,cci,parabolic_sar,vwap,wma,trix,bb_upper,bb_middle,bb_lower
2024-11-03 02:00:00,69374.74,69391.0,67478.73,68775.99,24995.70243,45.22367792664824,1559.6632556404656,1682.3390114237661,-122.67575578330047,22.241717448827853,69539.18435369423,67690.03683661665,4967.142811550031,1993.687214452712,2093.484769974838,-53.17862501455246,73430.040792,58153.01264389678,69494.29761904762,0.3795730740496521,72540.26940577502,70056.698,67573.12659422499
