time,open,high,low,close,volume,rsi,macd,macd_signal,macd_diff,adx,ema_short,ema_long,bb_width,volatility,atr,cci,parabolic_sar,vwap,wma,trix,bb_upper,bb_middle,bb_lower
2024-05-11 03:00:00,60799.99,61515.0,60487.09,60825.99,13374.56936,39.91832337116625,-1014.7518551735557,-1007.4043286497953,-7.3475265237603935,22.42253042012016,61759.27936990786,63089.491856306144,3611.5735143995553,1597.7727917748002,2810.379740223048,-108.48096778803104,57412.45792528697,54948.27002503088,61922.32933333334,-0.24936236018950103,63446.806757199774,61641.02,59835.23324280022
