time,open,high,low,close,volume,rsi,macd,macd_signal,macd_diff,adx,ema_short,ema_long,bb_width,volatility,atr,cci,parabolic_sar,vwap,wma,trix,bb_upper,bb_middle,bb_lower
2024-12-30 02:00:00,93738.19,95024.5,91530.45,92792.05,27619.4225,30.54537076376694,-507.82820798575995,568.7764711270322,-1076.6046791127922,25.642842558632218,95016.66602046974,96695.06291595651,4300.3166203525325,2123.4937840260377,3890.0353160520526,-121.7007184287841,102781.70536833155,63656.21967630519,95738.6917142857,0.07651124324743216,96534.33431017627,94384.176,92234.01768982374
