time,open,high,low,close,volume,rsi,macd,macd_signal,macd_diff,ADX,ema_short,ema_long,bb_width,volatility,atr,cci,parabolic_sar,vwap,wma,trix,bb_upper,bb_middle,bb_lower
2025-03-01 02:00:00,84349.95,86558.0,83824.78,86064.53,25785.05464,28.517585497264434,-3417.026758122971,-2266.418502096657,-1150.608256026314,44.89512539550348,87766.8479354103,93293.23623514154,6665.400957824924,5745.803730289544,3865.439006450123,-59.676614671393466,95370.4070243415,97426.39279383344,89821.8598095238,-0.3287968925464556,88943.40847891248,85610.70800000001,82278.00752108755
