time,open,high,low,close,volume,rsi,macd,macd_signal,macd_diff,ADX,ema_short,ema_long,bb_width,volatility,atr,cci,parabolic_sar,vwap,wma,trix,bb_upper,bb_middle,bb_lower
2025-06-05 03:00:00,104696.86,105909.71,100372.26,101508.68,22321.50154,22.711710694632004,919.686930530108,1979.361562792188,-1059.67463226208,19.61335244948005,104543.82662047616,104388.35061485229,6409.505854173156,2021.755185940057,2884.747413074073,-169.68624997319623,108198.01713304134,94625.52382166896,105322.7139047619,0.294421844501455,107821.42292708658,104616.67,101411.91707291342
