time,open,high,low,close,volume,rsi,macd,macd_signal,macd_diff,adx,ema_short,ema_long,bb_width,volatility,atr,cci,parabolic_sar,vwap,wma,trix,bb_upper,bb_middle,bb_lower
2024-08-21 03:00:00,59013.8,61820.93,58783.47,61156.03,27983.6422,62.23143891146071,-804.0560988137149,-1063.8214489137413,259.76535010002635,24.586864476652497,59577.99094594618,60326.57364672611,3636.7445256303326,1034.8900357726575,2924.664830906243,134.9487649455974,53645.10774122685,57300.35786714308,59394.9441904762,-0.26517971125322043,61323.90626281517,59505.53400000001,57687.16173718484
