time,open,high,low,close,volume,rsi,macd,macd_signal,macd_diff,ADX,ema_short,ema_long,bb_width,volatility,atr,cci,parabolic_sar,vwap,wma,trix,bb_upper,bb_middle,bb_lower
2025-01-28 02:00:00,102082.83,103800.0,100272.68,101335.52,22022.05765,41.50775847725765,1537.4028251246343,1601.0711592508085,-63.6683341261737,13.22703657546192,102690.84717811426,100865.28551627102,5718.842163598689,1631.101142016926,4253.119163766304,-121.59564777995988,109351.7954,99045.00136299367,103210.80685714286,0.2352512106623746,105990.56108179936,103131.14,100271.71891820068
