time,open,high,low,close,volume,rsi,macd,macd_signal,macd_diff,adx,ema_short,ema_long,bb_width,volatility,atr,cci,parabolic_sar,vwap,wma,trix,bb_upper,bb_middle,bb_lower
2024-11-25 02:00:00,97900.05,98871.8,92600.19,93010.01,50847.45096,48.37171697588512,6473.536184298166,6402.010446863245,71.5257374349203,53.610863618481766,95067.40395367189,86791.14033889704,8460.991231410153,3581.1235365109615,3532.807513408587,3.024316139256932,99588.01,60587.92504622521,94524.61504761905,1.2239316463809844,101388.80961570506,97158.31399999998,92927.81838429491
