time,open,high,low,close,volume,rsi,macd,macd_signal,macd_diff,ADX,ema_short,ema_long,bb_width,volatility,atr,cci,parabolic_sar,vwap,wma,trix,bb_upper,bb_middle,bb_lower
2025-03-23 02:00:00,83840.59,86129.64,83809.75,86082.5,8461.97813,58.71814361673091,-1616.9484164006572,-2276.0583497045927,659.1099333039356,31.96114212544896,84590.58337009865,86024.5957117698,4851.602630085486,1316.0166302070138,3757.3486829195,102.69739990499671,77243.92977736,95171.44925698495,84185.84780952381,-0.3920664300931068,87442.04331504274,85016.242,82590.44068495726
