time,open,high,low,close,volume,rsi,macd,macd_signal,macd_diff,adx,ema_short,ema_long,bb_width,volatility,atr,cci,parabolic_sar,vwap,wma,trix,bb_upper,bb_middle,bb_lower
2024-03-16 02:00:00,69499.84,70043.0,64780.0,65300.63,55926.95336,36.182252629147506,4476.567880010494,4955.082320421507,-478.5144404110124,51.17879150923185,68912.16002107837,63733.66949306229,10689.73421290997,2476.209426909021,3619.7385290450916,-125.0871441442868,73777.0,50117.400109804905,69230.17295238095,1.2987070805219996,75487.635106455,70142.76800000001,64797.900893545026
