time,open,high,low,close,volume,rsi,macd,macd_signal,macd_diff,adx,ema_short,ema_long,bb_width,volatility,atr,cci,parabolic_sar,vwap,wma,trix,bb_upper,bb_middle,bb_lower
2024-06-26 03:00:00,61806.01,62487.81,60712.0,60864.99,22485.66463,25.049821606891697,-1611.1417620250577,-956.3838919669015,-654.7578700581562,28.507184703192696,62556.91775466259,65253.153167872515,5873.722668814211,2025.8388018317671,2024.5628933424643,-92.36382476886064,65875.04568036943,56643.033588105034,63389.877523809526,-0.1987939139900218,65024.12533440711,62087.264,59150.4026655929
