time,open,high,low,close,volume,rsi,macd,macd_signal,macd_diff,adx,ema_short,ema_long,bb_width,volatility,atr,cci,parabolic_sar,vwap,wma,trix,bb_upper,bb_middle,bb_lower
2024-12-05 02:00:00,98587.32,104088.0,90500.0,96945.63,109921.729662,55.38092715988945,4143.230541666373,4879.810683440844,-736.5801417744706,43.96843901385703,96722.93599714315,92085.41416429079,4061.219105829048,1746.7041406934302,4107.948426330174,70.51248381397846,99000.0,61681.29642351492,96447.71495238095,0.8601837696396194,98912.29755291452,96881.688,94851.07844708547
