time,open,high,low,close,volume,rsi,macd,macd_signal,macd_diff,adx,ema_short,ema_long,bb_width,volatility,atr,cci,parabolic_sar,vwap,wma,trix,bb_upper,bb_middle,bb_lower
2024-07-13 03:00:00,57889.09,59850.0,57756.63,59204.02,15357.74519,57.05688382651883,-1860.9700692640763,-2038.2679066066696,177.2978373425933,41.04116553505803,58153.24087860194,60331.13978117245,2508.635903484348,956.430136946845,2336.815936465727,137.55123552540655,60868.641627886325,56745.909857319966,58006.83895238095,-0.4868983343496621,59296.08995174217,58041.772,56787.45404825782
