time,open,high,low,close,volume,rsi,macd,macd_signal,macd_diff,adx,ema_short,ema_long,bb_width,volatility,atr,cci,parabolic_sar,vwap,wma,trix,bb_upper,bb_middle,bb_lower
2024-09-14 03:00:00,60497.99,60610.45,59400.0,59993.03,12137.90901,66.88178277034446,-443.24848826854577,-905.659709039769,462.41122077122327,20.203846252808983,58460.41276793015,58518.42521212748,5126.326537638321,2248.138988213942,2368.6820255869034,124.3212668295994,52988.9296,57375.193101745295,57591.395333333334,-0.22763362497577644,61282.631268819154,58719.46799999999,56156.30473118083
