time,open,high,low,close,volume,rsi,macd,macd_signal,macd_diff,ADX,ema_short,ema_long,bb_width,volatility,atr,cci,parabolic_sar,vwap,wma,trix,bb_upper,bb_middle,bb_lower
2025-06-07 03:00:00,104288.43,105900.0,103871.09,105552.15,8344.93206,53.19896739354795,763.9907803288224,1544.5260938196325,-780.5353134908098,19.85348537952737,104748.02247401784,104470.77939963744,5844.788542585913,1294.4911987272071,2913.31965719142,50.30688976344815,106711.12327776349,94673.0038211192,104997.1798095238,0.2271310685234851,107206.99827129296,104284.604,101362.20972870704
