time,open,high,low,close,volume,rsi,macd,macd_signal,macd_diff,ADX,ema_short,ema_long,bb_width,volatility,atr,cci,parabolic_sar,vwap,wma,trix,bb_upper,bb_middle,bb_lower
2025-04-09 03:00:00,76322.42,83588.0,74620.0,82615.22,75488.28772,54.10770501096741,-1699.4499242875463,-1414.2917508008682,-285.1581734866781,19.25504486682581,80843.9152606359,83300.05320841711,10739.901262432077,2802.389216389057,4187.153165254101,-39.338628100706224,86318.62973933681,93562.00433566992,81452.26038095239,-0.2181366525239138,85383.72463121604,80013.774,74643.82336878397
