time,open,high,low,close,volume,rsi,macd,macd_signal,macd_diff,adx,ema_short,ema_long,bb_width,volatility,atr,cci,parabolic_sar,vwap,wma,trix,bb_upper,bb_middle,bb_lower
2024-04-30 03:00:00,63866.0,64734.0,59191.6,60672.0,54947.65535,25.42034789827194,-1068.3761188206772,-770.8295606509536,-297.54655816972365,25.59726427857912,63175.857375129446,64862.90235632323,4728.626042639589,1727.6843053785124,3117.3205599416497,-149.13043174687428,67183.01,54598.257392424886,63786.92085714286,-0.1955958989716345,65342.03502131979,62977.721999999994,60613.4089786802
