time,open,high,low,close,volume,rsi,macd,macd_signal,macd_diff,adx,ema_short,ema_long,bb_width,volatility,atr,cci,parabolic_sar,vwap,wma,trix,bb_upper,bb_middle,bb_lower
2024-01-21 02:00:00,41696.05,41881.39,41500.98,41580.33,11730.16301,35.17887981579406,-377.29134252023505,9.227143606914979,-386.51848612715,16.99704192372702,42101.937600592195,42952.9558772663,2003.723247476868,664.847225054201,1791.749508255776,-66.60617636637964,47056.39624347105,43048.52069437438,42498.98133333334,-0.006343433191509375,42809.66162373844,41807.8,40805.93837626157
