time,open,high,low,close,volume,rsi,macd,macd_signal,macd_diff,adx,ema_short,ema_long,bb_width,volatility,atr,cci,parabolic_sar,vwap,wma,trix,bb_upper,bb_middle,bb_lower
2024-11-22 02:00:00,98317.12,99588.01,97122.11,98892.0,46189.309243,88.00235192219392,6994.475758599845,6040.28695071915,954.1888078806951,52.55174359890628,94159.31900129636,84273.27071444255,13189.079960391944,3740.5065103190195,3482.1378000879204,153.4791215461994,90360.89481584236,60299.279894395324,92530.77676190475,1.1820703438554356,101448.64998019599,94854.11000000002,88259.57001980404
