time,open,high,low,close,volume,rsi,macd,macd_signal,macd_diff,ADX,ema_short,ema_long,bb_width,volatility,atr,cci,parabolic_sar,vwap,wma,trix,bb_upper,bb_middle,bb_lower
2025-02-16 02:00:00,97569.67,97704.47,96046.18,96118.12,8191.4249,39.035111705906985,-982.8884978864952,-814.3151899303781,-168.57330795611722,28.988021328125463,96988.13338013049,98373.04806892828,2637.772887070925,706.2599390525949,3490.349367393349,-24.976725612040955,98826.0,98993.93901226824,96916.72361904764,-0.1197484103870355,98452.16444353548,97133.278,95814.39155646454
