time,open,high,low,close,volume,rsi,macd,macd_signal,macd_diff,adx,ema_short,ema_long,bb_width,volatility,atr,cci,parabolic_sar,vwap,wma,trix,bb_upper,bb_middle,bb_lower
2024-06-13 03:00:00,68263.98,68449.3,66251.78,66773.01,29079.55571,31.86488381590523,446.65684406842047,862.572245726858,-415.91540165843753,18.642148054512994,68307.06081229897,68159.85313024602,4616.315157532401,1438.3751143645084,2159.319942621572,-136.9218585570326,71761.557608,56367.82813888398,68825.01,0.20476206832758392,70616.0335787662,68307.876,65999.7184212338
