time,open,high,low,close,volume,rsi,macd,macd_signal,macd_diff,adx,ema_short,ema_long,bb_width,volatility,atr,cci,parabolic_sar,vwap,wma,trix,bb_upper,bb_middle,bb_lower
2024-09-21 03:00:00,63201.05,63559.9,62758.0,63348.96,8375.34608,77.09832291675582,886.6741712714647,119.82516769605257,766.8490035754121,17.130629149077034,61712.37045187153,59822.73382524326,4584.115014375362,1981.6222280843037,2236.0023646333225,104.66136568424375,56806.492646191444,57438.49963296544,60839.727619047626,0.008498588706570227,64606.453507187674,62314.39599999999,60022.33849281231
