time,open,high,low,close,volume,rsi,macd,macd_signal,macd_diff,adx,ema_short,ema_long,bb_width,volatility,atr,cci,parabolic_sar,vwap,wma,trix,bb_upper,bb_middle,bb_lower
2024-09-09 03:00:00,54869.95,60625.0,54591.96,59132.0,175833.33846,47.34152404979228,614.0676121398719,2157.610008567866,-1543.542396427994,26.795383127978674,59257.77880465279,59900.46467458581,12304.76088875976,4577.492960142186,6991.001081088784,-53.78458901434313,68443.51158911841,46417.865013674156,60083.32752380952,0.5572010243513874,64942.61244437988,58790.232,52637.851555620124
