time,open,high,low,close,volume,rsi,macd,macd_signal,macd_diff,ADX,ema_short,ema_long,bb_width,volatility,atr,cci,parabolic_sar,vwap,wma,trix,bb_upper,bb_middle,bb_lower
2025-03-22 02:00:00,84088.79,84539.17,83625.1,83840.59,5420.22114,47.875226951716286,-1902.0701086582408,-2440.8358330305764,538.7657243723352,33.34568907716582,84093.2778267982,86019.77035441728,5439.511663751939,1482.7391506844765,3867.9224277594617,2.5944684390043418,77035.567732,95193.7738066301,83790.83885714285,-0.4173374167625068,87062.50383187596,84342.74799999999,81622.99216812402
