time,open,high,low,close,volume,rsi,macd,macd_signal,macd_diff,adx,ema_short,ema_long,bb_width,volatility,atr,cci,parabolic_sar,vwap,wma,trix,bb_upper,bb_middle,bb_lower
2024-10-24 03:00:00,66668.65,68850.0,66510.0,68198.28,22589.83877,63.832815127207226,1585.9931726343057,1447.148902812315,138.84426982199057,20.61454725830368,67462.83593268786,65329.021108161236,3228.399291150359,721.9908899713606,1974.6075398434416,11.459242736432696,64777.96862642231,57885.97566543887,67426.86142857143,0.32775641417685847,69354.68364557519,67740.48400000001,66126.28435442483
