time,open,high,low,close,volume,rsi,macd,macd_signal,macd_diff,adx,ema_short,ema_long,bb_width,volatility,atr,cci,parabolic_sar,vwap,wma,trix,bb_upper,bb_middle,bb_lower
2024-07-29 03:00:00,68249.88,70079.99,66428.0,66784.69,36467.29633,53.78722922790834,1558.457587689103,1231.5342245657137,326.92336312338944,25.038232081898915,67022.49980726649,64760.07090093299,3639.5893162079738,1056.450112487765,2459.5761836882075,59.80620067694536,63692.054284,57178.924988417646,66924.67819047619,0.2913022752052169,69147.59665810398,67327.802,65508.00734189601
