time,open,high,low,close,volume,rsi,macd,macd_signal,macd_diff,adx,ema_short,ema_long,bb_width,volatility,atr,cci,parabolic_sar,vwap,wma,trix,bb_upper,bb_middle,bb_lower
2024-02-29 02:00:00,62432.11,63676.35,60364.7,61130.98,78425.07603,82.48802335041051,3407.1546623847753,2579.500279683492,827.6543827012833,42.02160551290492,57034.74892594445,51774.356826331314,16007.516938226603,4295.308670248752,2203.305463120258,137.88336189889387,51674.677512,45532.40069719483,55131.68238095238,0.8053121214901529,65364.9064691133,57361.148,49357.3895308867
