time,open,high,low,close,volume,rsi,macd,macd_signal,macd_diff,adx,ema_short,ema_long,bb_width,volatility,atr,cci,parabolic_sar,vwap,wma,trix,bb_upper,bb_middle,bb_lower
2024-12-20 02:00:00,97461.86,98233.0,92232.54,97805.44,62884.1357,36.56668713899133,2423.1249399626104,3291.5591349681495,-868.4341950055391,35.43315739108478,100413.20190943236,98211.07970307379,15376.189959668001,3072.1462087114764,4457.085615939326,-153.42774110892253,108099.94,63174.28763214821,101087.57314285716,0.49620128725102713,109220.836979834,101532.742,93844.647020166
