time,open,high,low,close,volume,rsi,macd,macd_signal,macd_diff,ADX,ema_short,ema_long,bb_width,volatility,atr,cci,parabolic_sar,vwap,wma,trix,bb_upper,bb_middle,bb_lower
2025-04-25 03:00:00,93980.47,95758.04,92855.96,94638.68,27500.66648,87.44281990796978,2412.262304104661,1037.5188940131557,1374.7434100915052,21.428111261938568,91283.95606272378,86825.94650461557,10398.95348922306,4609.38614441294,3273.2622215841657,96.9480685450261,84220.37315172503,93017.70905768298,89367.18866666667,0.1685964372468352,97853.36674461151,92653.89,87454.41325538847
