time,open,high,low,close,volume,rsi,macd,macd_signal,macd_diff,adx,ema_short,ema_long,bb_width,volatility,atr,cci,parabolic_sar,vwap,wma,trix,bb_upper,bb_middle,bb_lower
2024-09-09 03:00:00,54869.95,58088.0,54591.96,57042.0,32384.51737,51.503372172220054,-1437.4230135250036,-1091.7414578408875,-345.6815556841161,25.081794192668895,56203.941252512246,58357.29564644597,4754.1274568762165,1866.6238397253499,2576.1999322617203,2.613241574193517,59687.4192313591,57360.74871970646,56604.99133333333,-0.24602693767905157,57620.2197284381,55243.155999999995,52866.09227156189
