time,open,high,low,close,volume,rsi,macd,macd_signal,macd_diff,ADX,ema_short,ema_long,bb_width,volatility,atr,cci,parabolic_sar,vwap,wma,trix,bb_upper,bb_middle,bb_lower
2025-01-25 02:00:00,104870.51,105286.52,104106.09,104746.85,9068.32377,63.386565948641305,2093.495033906802,1490.6688996614855,602.8261342453163,13.01287822439878,103787.84960738193,100563.15273104596,3451.7010884806805,1844.713377816016,4314.015824021274,82.18535745731708,97806.10835207756,98912.40762862844,103252.23638095238,0.206179967460292,106401.48454424032,104675.634,102949.78345575964
