time,open,high,low,close,volume,rsi,macd,macd_signal,macd_diff,ADX,ema_short,ema_long,bb_width,volatility,atr,cci,parabolic_sar,vwap,wma,trix,bb_upper,bb_middle,bb_lower
2025-02-09 02:00:00,96444.75,97323.09,94713.0,96462.75,14120.91613,32.58548636609636,-955.8932705430634,-131.95511853563534,-823.938152007428,25.11383674329049,97428.80896207478,99425.82406487888,245.06279043210088,2314.79986583809,4143.865089907325,-101.77312970514532,102631.2232545166,99099.0071867864,98245.4417142857,0.0019468261708691,96638.74539521604,96516.214,96393.68260478394
