time,open,high,low,close,volume,rsi,macd,macd_signal,macd_diff,adx,ema_short,ema_long,bb_width,volatility,atr,cci,parabolic_sar,vwap,wma,trix,bb_upper,bb_middle,bb_lower
2024-09-11 03:00:00,57635.99,57981.71,55545.19,57338.0,33026.56757,52.90956034546407,-1165.7316266617272,-1136.650417110035,-29.081209551692154,24.073710356139348,56755.96507953814,58227.67132004864,5654.806712650738,1730.779671284956,2505.3191252664833,36.57570874039797,58331.30957740087,57361.28752999747,56637.22266666667,-0.2657954486124278,59036.76335632537,56209.36,53381.95664367463
