time,open,high,low,close,volume,rsi,macd,macd_signal,macd_diff,adx,ema_short,ema_long,bb_width,volatility,atr,cci,parabolic_sar,vwap,wma,trix,bb_upper,bb_middle,bb_lower
2024-07-19 03:00:00,63987.92,67386.0,63300.67,66660.0,35634.72739,80.02898113664256,467.604632798495,-681.7874684478448,1149.3921012463397,31.065572636773574,63611.93226818867,61878.407760991686,3853.520680885682,3531.071606525043,2564.498787101383,91.48003208894134,56516.79139467827,56909.36487918941,62170.08933333333,-0.20261323603176046,66827.56834044284,64900.808000000005,62974.04765955716
