time,open,high,low,close,volume,rsi,macd,macd_signal,macd_diff,adx,ema_short,ema_long,bb_width,volatility,atr,cci,parabolic_sar,vwap,wma,trix,bb_upper,bb_middle,bb_lower
2024-06-20 03:00:00,64974.37,66482.94,64559.15,64869.99,24265.29031,23.42122186170576,-591.670122306241,-59.84635130840506,-531.8237709978359,19.908197246956906,65839.40774087512,67101.7314993501,3136.40394863658,1076.4237365054682,1959.7295514440789,-87.66034010093753,69889.68514259937,56551.789836196745,66345.9062857143,0.002248776976331491,67208.3779743183,65640.176,64071.97402568172
