time,open,high,low,close,volume,rsi,macd,macd_signal,macd_diff,ADX,ema_short,ema_long,bb_width,volatility,atr,cci,parabolic_sar,vwap,wma,trix,bb_upper,bb_middle,bb_lower
2025-01-29 02:00:00,101335.52,104782.68,101328.01,103733.24,23155.35802,57.35753716701355,1536.5141892948304,1588.1597652596129,-51.64557596478244,13.21154262652516,102951.4453835857,101085.8973996348,4832.83446194572,1478.6144440661883,4196.087080640139,-19.62701742422448,109120.314892,99101.7295913718,103307.3678095238,0.2366563652312874,105320.10523097288,102903.688,100487.27076902716
