time,open,high,low,close,volume,rsi,macd,macd_signal,macd_diff,adx,ema_short,ema_long,bb_width,volatility,atr,cci,parabolic_sar,vwap,wma,trix,bb_upper,bb_middle,bb_lower
2024-05-24 03:00:00,67969.66,69250.0,66600.12,68549.99,28095.83664,58.32690320654256,1458.2071676684718,861.0796712385152,597.1274964299566,22.812261376091918,68165.27202569693,65766.62172914737,4917.148308300617,1944.0765083026724,2765.8242805155683,8.861529378945407,65768.19980300816,55598.42563075919,67635.48866666667,0.17554593250809417,71914.8181541503,69456.24399999999,66997.66984584968
