time,open,high,low,close,volume,rsi,macd,macd_signal,macd_diff,adx,ema_short,ema_long,bb_width,volatility,atr,cci,parabolic_sar,vwap,wma,trix,bb_upper,bb_middle,bb_lower
2024-05-08 03:00:00,62312.07,63020.22,60888.0,61193.03,26121.19004,38.85066831066275,-992.3389886383375,-1050.4445152456778,58.10552660734038,23.890344012250203,62300.4470249668,63518.84572818552,4213.9973679642135,2043.3499672401435,2931.2015280710257,-4.71913878573733,56907.128328,54872.109845729494,62219.358857142855,-0.2601685749080172,65021.8666839821,62914.867999999995,60807.86931601789
