time,open,high,low,close,volume,rsi,macd,macd_signal,macd_diff,adx,ema_short,ema_long,bb_width,volatility,atr,cci,parabolic_sar,vwap,wma,trix,bb_upper,bb_middle,bb_lower
2024-08-30 03:00:00,59359.0,59944.07,57701.1,59123.99,28519.32195,37.15683777582187,-262.52796877203946,-184.82771562682257,-77.70025314521689,19.8459101265857,60235.33717326759,60713.56972967463,5788.980867323626,2224.7314190541492,2722.6341914223003,-85.56639953308117,65000.0,57384.29970147384,60837.8679047619,-0.053925638381617645,62847.87043366182,59953.380000000005,57058.88956633819
