time,open,high,low,close,volume,rsi,macd,macd_signal,macd_diff,adx,ema_short,ema_long,bb_width,volatility,atr,cci,parabolic_sar,vwap,wma,trix,bb_upper,bb_middle,bb_lower
2024-01-30 02:00:00,43302.71,43882.36,42683.99,42941.1,37619.24546,64.3145458509072,-254.20305789435952,-456.20546932011666,202.00241142575715,17.67298303665236,42153.11451436026,42240.840662317605,2294.0405161894887,1353.6188700320306,1600.791370581375,112.04611680059524,38650.56,42790.5714148688,41639.61352380952,-0.18048859384735064,43590.82025809475,42443.8,41296.77974190526
