time,open,high,low,close,volume,rsi,macd,macd_signal,macd_diff,adx,ema_short,ema_long,bb_width,volatility,atr,cci,parabolic_sar,vwap,wma,trix,bb_upper,bb_middle,bb_lower
2024-11-30 02:00:00,97460.0,97463.95,96092.01,96407.99,14503.83306,58.96120592680028,5182.624965248746,5775.950945583076,-593.3259803343299,48.230705043898595,95770.77300853736,89706.53212766853,7442.282257841958,2280.898420617286,3403.1418784695634,21.129912178435884,90947.6778,61028.62052657411,95736.79047619048,1.0668956862297483,99189.18912892097,95468.048,91746.90687107902
