time,open,high,low,close,volume,rsi,macd,macd_signal,macd_diff,adx,ema_short,ema_long,bb_width,volatility,atr,cci,parabolic_sar,vwap,wma,trix,bb_upper,bb_middle,bb_lower
2024-10-17 03:00:00,67620.0,67939.4,66666.0,67421.78,25328.22861,78.34429930879291,1280.6689826574948,735.5751109308105,545.0938717266843,17.01371748481442,65648.90041205208,63422.54700819823,7014.1667634304395,2805.552844335143,2090.0231379064594,94.70673800690672,59989.56499200001,57754.223315372474,64505.865047619045,0.16701522411099937,69721.0713817152,66213.98799999998,62706.90461828476
