time,open,high,low,close,volume,rsi,macd,macd_signal,macd_diff,adx,ema_short,ema_long,bb_width,volatility,atr,cci,parabolic_sar,vwap,wma,trix,bb_upper,bb_middle,bb_lower
2024-01-04 02:00:00,42845.23,44729.58,42613.77,44151.1,48038.06334,57.83694919917139,579.9428105492261,603.838236527514,-23.895425978287903,19.61074627645445,43512.81575159986,42771.743251858104,3887.7728388453397,1008.0097989955564,1761.2954116067801,72.12739036854349,45879.63,42437.42108086607,43283.730761904764,,45625.16041942267,43681.274,41737.38758057733
