time,open,high,low,close,volume,rsi,macd,macd_signal,macd_diff,ADX,ema_short,ema_long,bb_width,volatility,atr,cci,parabolic_sar,vwap,wma,trix,bb_upper,bb_middle,bb_lower
2025-04-22 03:00:00,87516.22,93888.0,87076.03,93442.99,43872.74705,85.56182513186803,1079.0180316496262,39.33078616988345,1039.6872454797428,14.8911968650967,87295.14622275268,84843.86499458354,13275.372386692936,2943.441518203438,3422.707107886642,243.1007117343111,79755.3052567221,92998.4750770864,86004.7459047619,0.0035315488392204,93775.71819334647,87138.032,80500.34580665354
