time,open,high,low,close,volume,rsi,macd,macd_signal,macd_diff,adx,ema_short,ema_long,bb_width,volatility,atr,cci,parabolic_sar,vwap,wma,trix,bb_upper,bb_middle,bb_lower
2024-04-03 03:00:00,65463.99,66903.63,64493.07,65963.28,39887.21778,37.165783561002584,1269.823983650771,1917.6197661961487,-647.7957825453777,21.531847783599854,67968.37076659422,66999.6637047481,9088.195139010582,1920.2390495505213,3370.5701044402313,-169.06674078723788,71625.1492,52607.24520756854,68520.37599999999,0.41481940729760897,72931.94956950529,68387.852,63843.75443049471
