time,open,high,low,close,volume,rsi,macd,macd_signal,macd_diff,adx,ema_short,ema_long,bb_width,volatility,atr,cci,parabolic_sar,vwap,wma,trix,bb_upper,bb_middle,bb_lower
2024-04-09 03:00:00,71620.0,71758.19,68210.0,69146.0,39293.90242,50.859510877241114,1178.655692075321,1353.8786545404812,-175.2229624651602,16.869767203032886,69260.17499483573,67884.86609574124,4976.107061382092,1985.806302787878,3242.3117066566983,58.27030053352463,64659.1684,53184.486627334794,68981.3860952381,0.2731255384549663,71856.65553069104,69368.602,66880.54846930895
