time,open,high,low,close,volume,rsi,macd,macd_signal,macd_diff,ADX,ema_short,ema_long,bb_width,volatility,atr,cci,parabolic_sar,vwap,wma,trix,bb_upper,bb_middle,bb_lower
2025-01-16 02:00:00,100497.35,100866.66,97335.13,99987.3,27832.85317,68.33017771926258,84.26593299712113,-403.9370258756928,488.2029588728139,14.950027961443512,97518.54669499204,96882.54697037014,10306.024460738496,2537.736889416693,3680.31935404228,141.8874553071075,89256.69,97782.21518579849,96773.59152380952,-0.0797720632818167,102378.34623036924,97225.334,92072.32176963075
