time,open,high,low,close,volume,rsi,macd,macd_signal,macd_diff,adx,ema_short,ema_long,bb_width,volatility,atr,cci,parabolic_sar,vwap,wma,trix,bb_upper,bb_middle,bb_lower
2024-01-25 02:00:00,40084.89,40300.24,39550.0,39961.09,31022.11853,29.29865649755733,-867.280637446318,-450.9254074117104,-416.3552300346076,22.385520049780204,40611.29330331238,42114.10630583642,2808.4422070720175,1246.5823119251224,1685.7365882781446,-75.05193400190964,44644.05663579655,42812.86658732699,40993.114571428574,-0.15635940348918434,41622.605103536014,40218.384000000005,38814.162896464
