time,open,high,low,close,volume,rsi,macd,macd_signal,macd_diff,adx,ema_short,ema_long,bb_width,volatility,atr,cci,parabolic_sar,vwap,wma,trix,bb_upper,bb_middle,bb_lower
2024-12-02 02:00:00,97185.17,98130.0,94395.0,95840.62,37958.66981,53.31608180024906,4712.469013450653,5440.88920378988,-728.4201903392277,46.1401756021314,96053.43606730226,90709.41329221461,2865.9682525664102,1982.9853764399165,3343.206823782429,18.448050221368018,91251.50136312001,61174.49234031282,96069.49095238095,0.9871356873638006,97940.5381262832,96507.55399999999,95074.56987371678
