time,open,high,low,close,volume,rsi,macd,macd_signal,macd_diff,adx,ema_short,ema_long,bb_width,volatility,atr,cci,parabolic_sar,vwap,wma,trix,bb_upper,bb_middle,bb_lower
2024-01-01 02:00:00,42283.58,44184.1,42180.77,44179.55,27174.29903,66.93593182535412,486.53937990389386,630.3842158489657,-143.84483594507185,20.76963895773203,42953.24659638484,42448.94276871079,3139.9034392898175,739.6335197387098,1484.3913697992734,109.05279377301106,44216.05752592,42225.77706559856,42969.11295238094,,44216.77571964491,42646.824,41076.87228035509
