time,open,high,low,close,volume,rsi,macd,macd_signal,macd_diff,ADX,ema_short,ema_long,bb_width,volatility,atr,cci,parabolic_sar,vwap,wma,trix,bb_upper,bb_middle,bb_lower
2025-07-01 03:00:00,107146.51,107540.0,105250.85,105681.14,10505.62437,43.900837430483605,485.26036365528125,345.38408630414483,139.87627735113642,12.697520238157953,106592.369376934,105848.0768970703,3411.27751609328,2048.7050329219605,2595.7304276186624,-32.439914848940724,100773.39118393416,95370.5297913161,106254.23133333331,0.026406493627029,108811.42875804663,107105.79,105400.15124195335
