time,open,high,low,close,volume,rsi,macd,macd_signal,macd_diff,adx,ema_short,ema_long,bb_width,volatility,atr,cci,parabolic_sar,vwap,wma,trix,bb_upper,bb_middle,bb_lower
2024-10-28 02:00:00,68021.69,73620.12,67478.73,68775.99,209232.69647,64.91837346759365,2173.584727306057,1736.5962875225591,436.98843978349805,18.907306386436492,65886.45338902439,62570.04261180502,11374.95621488359,4890.415113292633,6433.396022543735,123.48910422615995,50212.4608,47617.69117293264,64111.89104761904,0.3550964890299149,71991.40010744179,66303.92199999999,60616.4438925582
