time,open,high,low,close,volume,rsi,macd,macd_signal,macd_diff,ADX,ema_short,ema_long,bb_width,volatility,atr,cci,parabolic_sar,vwap,wma,trix,bb_upper,bb_middle,bb_lower
2025-03-16 02:00:00,84338.44,85117.04,81981.12,82574.53,17596.12531,43.32486855920987,-3017.3944201548293,-3133.133429433745,115.73900927891556,36.24249132222001,83359.23918870426,87087.7306703199,4683.993045364477,2499.500896687666,4580.2292486137885,21.78109256897192,89379.15652540409,95518.04970647692,83555.18390476189,-0.5082223875362712,85480.41052268223,83138.41399999999,80796.41747731775
