time,open,high,low,close,volume,rsi,macd,macd_signal,macd_diff,adx,ema_short,ema_long,bb_width,volatility,atr,cci,parabolic_sar,vwap,wma,trix,bb_upper,bb_middle,bb_lower
2024-03-22 02:00:00,65501.28,66649.62,62260.0,63796.64,51482.37821,40.70975501983291,2137.5754786567195,3416.934319600085,-1279.3588409433655,38.59352941018284,65973.64314828275,64481.2317945235,9013.948205128101,3408.2822440951695,4049.4935240261293,-100.25996542327645,69475.83188352639,51285.07161719699,67072.14533333333,0.8709538518370835,69844.13610256405,65337.162,60830.18789743595
