time,open,high,low,close,volume,rsi,macd,macd_signal,macd_diff,adx,ema_short,ema_long,bb_width,volatility,atr,cci,parabolic_sar,vwap,wma,trix,bb_upper,bb_middle,bb_lower
2024-06-10 03:00:00,69648.15,70195.94,69172.29,69540.0,17122.66941,52.98060148005168,1014.3532235272287,1107.5059049383917,-93.15268141116303,21.05324031199478,69566.21081433831,68356.55418816577,2192.260852566542,1150.1636381512442,1972.3528960189321,-5.002300040620225,67971.06246424592,56217.27565469798,69446.71780952382,0.25692181477836057,70826.78242628327,69730.652,68634.52157371673
