time,open,high,low,close,volume,rsi,macd,macd_signal,macd_diff,adx,ema_short,ema_long,bb_width,volatility,atr,cci,parabolic_sar,vwap,wma,trix,bb_upper,bb_middle,bb_lower
2024-05-07 03:00:00,63165.18,64422.41,62261.0,62312.08,25598.79472,46.09948908946398,-930.2414233862073,-1064.9708968975128,134.7294735113055,24.35309239954368,62669.58603328907,63712.663705534316,2539.3713740013627,2055.621766833916,2992.6616456149504,39.8046320736745,56731.7636,54848.802617752364,62416.14952380952,-0.26303717984602026,64522.349687000686,63252.664000000004,61982.97831299932
