time,open,high,low,close,volume,rsi,macd,macd_signal,macd_diff,ADX,ema_short,ema_long,bb_width,volatility,atr,cci,parabolic_sar,vwap,wma,trix,bb_upper,bb_middle,bb_lower
2025-04-21 03:00:00,85179.24,88465.99,85144.76,87516.23,31773.37262,72.26528960146484,398.6708497495274,-220.59102520005223,619.2618749495796,12.570902080704034,85245.86496367023,84127.27124413216,4265.005379980197,1104.6628463625136,3161.994577724076,280.80133617854364,78997.85440948054,92993.8417818807,84692.98257142857,-0.0385059213980138,87571.51868999009,85439.01599999999,83306.51331000989
