time,open,high,low,close,volume,rsi,macd,macd_signal,macd_diff,adx,ema_short,ema_long,bb_width,volatility,atr,cci,parabolic_sar,vwap,wma,trix,bb_upper,bb_middle,bb_lower
2024-03-03 02:00:00,61987.28,63231.88,61320.0,63113.97,28994.90903,83.36520062336528,4127.618802386714,3254.9564118277663,872.6623905589481,48.94894007851288,60235.94064063281,54067.46600177539,2599.7082575513923,5123.851508374261,2102.4413966746383,70.45559848074757,53762.78434662701,45965.78064699202,58344.960571428564,0.9741419335936344,63510.30012877571,62210.44600000001,60910.591871224315
