time,open,high,low,close,volume,rsi,macd,macd_signal,macd_diff,adx,ema_short,ema_long,bb_width,volatility,atr,cci,parabolic_sar,vwap,wma,trix,bb_upper,bb_middle,bb_lower
2024-01-07 02:00:00,43968.32,44480.59,43572.09,43929.02,23023.8508,54.91786085749426,590.1983304058522,600.8156643086486,-10.617333902796418,17.316661421670883,43791.19023895619,43035.744414752306,1958.4768613347405,1032.6803660297114,1646.7762752551369,52.05167371146855,45577.96671896,42527.19482691703,43587.67447619048,,44786.99443066737,43807.756,42828.51756933263
