time,open,high,low,close,volume,rsi,macd,macd_signal,macd_diff,ADX,ema_short,ema_long,bb_width,volatility,atr,cci,parabolic_sar,vwap,wma,trix,bb_upper,bb_middle,bb_lower
2025-06-21 03:00:00,103297.98,103982.64,100837.9,102120.01,11154.21332,26.08914233938881,-209.20188587150187,424.4413328734294,-633.6432187449313,16.28098638290682,104200.01090311309,105107.14818042103,4196.743149926653,1364.911469210045,2911.775768705108,-204.2106635876568,109935.50425728,95106.76101583324,105028.10076190476,0.0476658320522797,106001.27957496332,103902.908,101804.53642503668
