time,open,high,low,close,volume,rsi,macd,macd_signal,macd_diff,ADX,ema_short,ema_long,bb_width,volatility,atr,cci,parabolic_sar,vwap,wma,trix,bb_upper,bb_middle,bb_lower
2025-04-20 03:00:00,85077.0,85320.76,83949.52,85179.24,8091.67725,60.230655104778585,127.9535252188507,-375.4064939374471,503.3600191562978,11.673068474181449,84489.07661822697,83844.8580144765,1719.224930223194,685.6635171888054,3149.7456990874657,71.4489023127086,78519.22256327717,93035.50512906986,84091.90161904762,-0.0647426524034666,85601.45846511159,84741.84599999999,83882.2335348884
