time,open,high,low,close,volume,rsi,macd,macd_signal,macd_diff,ADX,ema_short,ema_long,bb_width,volatility,atr,cci,parabolic_sar,vwap,wma,trix,bb_upper,bb_middle,bb_lower
2025-06-16 03:00:00,105594.02,108952.38,104980.37,106794.53,14922.6654,53.19704619255723,737.0917610904726,1034.966968955402,-297.8752078649293,16.491220506312036,106409.96113081396,105751.790051533,1966.8477127325896,1970.40074936122,2866.7920607392443,-1.4127030403150689,102978.9444,94994.68657667864,106540.27161904762,0.1291842971974635,106891.7238563663,105908.3,104924.87614363372
