time,open,high,low,close,volume,rsi,macd,macd_signal,macd_diff,adx,ema_short,ema_long,bb_width,volatility,atr,cci,parabolic_sar,vwap,wma,trix,bb_upper,bb_middle,bb_lower
2024-05-23 03:00:00,69166.62,70096.12,66312.16,67969.65,40513.17374,55.310546492749616,1434.5164484038978,711.7977971310258,722.718651272872,23.370444136442682,68037.03270092924,65534.674373242975,7116.186285471689,2761.1575377851386,2774.743071324458,22.35547856948547,64757.13930582344,55550.33952393963,67238.47752380952,0.1372812032808415,72559.14114273584,69001.048,65442.95485726415
