time,open,high,low,close,volume,rsi,macd,macd_signal,macd_diff,ADX,ema_short,ema_long,bb_width,volatility,atr,cci,parabolic_sar,vwap,wma,trix,bb_upper,bb_middle,bb_lower
2025-03-21 02:00:00,84223.38,84850.33,83175.25,84088.79,11956.97443,49.064149414756514,-2010.0553942865367,-2575.52726412366,565.4718698371225,34.092435364057444,84177.5071023976,86201.3687172854,5396.038949931826,1482.801601422969,4095.141845279421,23.5530304724296,76822.9534,95211.66402417811,83717.43561904762,-0.4377181134690815,87074.65547496593,84376.63600000001,81678.6165250341
