time,open,high,low,close,volume,rsi,macd,macd_signal,macd_diff,adx,ema_short,ema_long,bb_width,volatility,atr,cci,parabolic_sar,vwap,wma,trix,bb_upper,bb_middle,bb_lower
2024-03-15 02:00:00,71388.94,72419.71,65600.0,69499.85,103334.03546,54.457402795528616,5099.906852712564,5074.710930524259,25.195922188304394,53.69071094842411,70116.00336143782,63603.089450817475,4672.265438035305,2338.705441815761,3493.3338005100986,-20.333452923763385,73777.0,49942.53993314058,69598.21114285714,1.3384043716278906,73834.39471901766,71498.262,69162.12928098235
