time,open,high,low,close,volume,rsi,macd,macd_signal,macd_diff,adx,ema_short,ema_long,bb_width,volatility,atr,cci,parabolic_sar,vwap,wma,trix,bb_upper,bb_middle,bb_lower
2024-05-20 03:00:00,66274.0,71515.56,66060.31,71446.62,50816.7011,79.37147937133169,1021.5041172958008,51.63042974723885,969.873687548562,21.57829428167256,66871.15529109152,64584.17538658263,8523.568523716669,3303.173087644678,2760.3055383315045,138.6023631724741,60946.117564628665,55335.0088503671,65463.10771428571,-0.016911239936280173,71640.79226185834,67379.008,63117.22373814167
