time,open,high,low,close,volume,rsi,macd,macd_signal,macd_diff,adx,ema_short,ema_long,bb_width,volatility,atr,cci,parabolic_sar,vwap,wma,trix,bb_upper,bb_middle,bb_lower
2024-04-25 03:00:00,64289.58,65297.94,62794.0,64498.34,31341.46338,44.44605551278021,-629.9174967056388,-549.5637348972289,-80.3537618084099,21.932179199202515,64977.070049928174,65837.6969448717,4117.8351425373185,1557.4783256423375,3319.6256304321864,-6.463752337223038,59900.2968,54422.142677797696,64682.815142857144,-0.1479729089414426,67451.39757126867,65392.48,63333.56242873135
