time,open,high,low,close,volume,rsi,macd,macd_signal,macd_diff,adx,ema_short,ema_long,bb_width,volatility,atr,cci,parabolic_sar,vwap,wma,trix,bb_upper,bb_middle,bb_lower
2024-06-16 03:00:00,66228.25,66998.7,66034.5,66676.87,9392.52223,37.40028403914515,-56.51142451095802,464.31470479037097,-520.826129301329,18.439670111785254,67191.49174893863,67769.94028177748,3127.972773937683,1465.6303838363913,1980.1344147010172,-69.58118253380644,71132.30969370215,56427.53409540356,67836.62895238095,0.11966431629523797,68361.20838696884,66797.222,65233.23561303115
