time,open,high,low,close,volume,rsi,macd,macd_signal,macd_diff,adx,ema_short,ema_long,bb_width,volatility,atr,cci,parabolic_sar,vwap,wma,trix,bb_upper,bb_middle,bb_lower
2024-09-15 03:00:00,59993.02,60395.8,58691.05,59132.0,13757.92361,57.81805643724979,-329.7417381974592,-790.4761148713071,460.7343766738479,19.119662354603374,58628.30957594761,58565.62327273306,4651.333165895427,2323.7681980626926,2321.2583094735533,81.3110032836458,53294.372416000006,57377.43902890805,57840.369238095234,-0.20388770160941894,61344.33658294771,59018.67,56693.003417052285
