time,open,high,low,close,volume,rsi,macd,macd_signal,macd_diff,ADX,ema_short,ema_long,bb_width,volatility,atr,cci,parabolic_sar,vwap,wma,trix,bb_upper,bb_middle,bb_lower
2025-06-29 03:00:00,107296.79,108528.5,107172.52,108356.93,6831.7364,70.85641383143115,557.5473822868225,241.44240554401165,316.1049767428109,13.58269516801647,106812.6500034382,105754.94566392276,2007.3633226409147,2505.1031154833404,2662.5945787766736,80.3917822544001,99536.793228416,95329.68922295948,105988.73276190476,0.011988051824386,108401.47166132044,107397.79,106394.10833867954
