time,open,high,low,close,volume,rsi,macd,macd_signal,macd_diff,adx,ema_short,ema_long,bb_width,volatility,atr,cci,parabolic_sar,vwap,wma,trix,bb_upper,bb_middle,bb_lower
2024-10-02 03:00:00,60804.92,62390.31,60000.0,60649.28,31534.70118,28.34152892246844,917.7973371791013,1236.6741117743336,-318.8767745952323,21.498632686113496,62805.35817944472,62021.47447325601,8958.139163889638,1920.9940614973805,2197.5631404297387,-153.902800970712,66174.71936,57569.35298474636,63534.01857142856,0.31541943418154056,67727.60158194481,63248.53199999999,58769.46241805517
