time,open,high,low,close,volume,rsi,macd,macd_signal,macd_diff,adx,ema_short,ema_long,bb_width,volatility,atr,cci,parabolic_sar,vwap,wma,trix,bb_upper,bb_middle,bb_lower
2024-01-20 02:00:00,41659.03,41872.56,41456.3,41696.04,15923.99493,36.310325513642766,-306.3149682943913,105.85676513870249,-412.1717334330938,16.580598567998987,42275.806800789585,43067.34136703848,2821.051605409448,1430.3671057867198,1900.314085813913,-79.96716072754138,47488.93217390537,43056.012703546454,42768.78495238095,0.02435620266866212,43529.849802704724,42119.324,40708.79819729528
