time,open,high,low,close,volume,rsi,macd,macd_signal,macd_diff,ADX,ema_short,ema_long,bb_width,volatility,atr,cci,parabolic_sar,vwap,wma,trix,bb_upper,bb_middle,bb_lower
2025-02-06 02:00:00,96612.44,99120.0,95676.64,96554.35,23515.20405,32.832310605334115,-415.8360821373208,535.8076367446366,-951.6437188819574,21.692910150843165,98745.98865084392,100227.9931021637,6983.3442282544565,2961.6942770052,4496.477613429996,-81.61502620917351,104956.5512440844,99166.64471813977,99908.09657142856,0.1003252234947334,101483.47611412725,97991.804,94500.13188587278
