time,open,high,low,close,volume,rsi,macd,macd_signal,macd_diff,adx,ema_short,ema_long,bb_width,volatility,atr,cci,parabolic_sar,vwap,wma,trix,bb_upper,bb_middle,bb_lower
2024-08-10 03:00:00,60837.99,61470.58,60242.0,60923.51,9995.20621,52.60937275034196,-1280.398029721815,-877.309108545642,-403.088921176173,25.61782767732205,59874.80099959811,61799.340795963435,11038.023954585966,3515.7133064741292,3254.2812800791467,56.654506605179634,49254.8874,57246.60527475357,59826.1839047619,-0.1606044460220825,64439.74397729299,58920.732,53401.72002270702
