time,open,high,low,close,volume,rsi,macd,macd_signal,macd_diff,adx,ema_short,ema_long,bb_width,volatility,atr,cci,parabolic_sar,vwap,wma,trix,bb_upper,bb_middle,bb_lower
2024-01-10 02:00:00,46110.0,47695.93,44300.36,46653.99,89911.41203,69.49825805777338,1026.8198956740016,763.8274309120277,262.9924647619739,18.29327857332613,45386.020882059645,43788.98517009194,5252.292872601727,1346.0574068494525,2025.746926652892,100.01120092739318,41163.660608,43041.802812188245,44782.5160952381,0.18080404310439302,48148.620436300866,45522.474,42896.32756369914
