time,open,high,low,close,volume,rsi,macd,macd_signal,macd_diff,ADX,ema_short,ema_long,bb_width,volatility,atr,cci,parabolic_sar,vwap,wma,trix,bb_upper,bb_middle,bb_lower
2025-02-01 02:00:00,102429.56,102783.71,100279.51,100635.65,12290.95747,38.09923709308802,1163.833939030461,1481.345596836722,-317.5116578062612,12.849229752562383,102523.75945870022,101385.05702165177,6006.30137853988,1506.9665639662492,4029.5643644921247,-106.87303307084406,108453.28251199127,99203.85728867924,102975.21247619049,0.2275786487480048,105574.53268926994,102571.382,99568.23131073006
