time,open,high,low,close,volume,rsi,macd,macd_signal,macd_diff,adx,ema_short,ema_long,bb_width,volatility,atr,cci,parabolic_sar,vwap,wma,trix,bb_upper,bb_middle,bb_lower
2024-10-05 03:00:00,62086.0,62370.56,61689.26,62058.0,7807.46141,45.63745053460244,514.1573604236619,917.7380953970353,-403.5807349733734,19.10736411207742,62194.98532570324,61945.706021750746,2626.1344028480817,2214.2049234197157,2044.0293146953845,-38.516701534076994,64886.30321432576,57588.46556831579,62781.68876190476,0.24945209434255058,62583.42120142405,61270.35400000001,59957.286798575966
