time,open,high,low,close,volume,rsi,macd,macd_signal,macd_diff,adx,ema_short,ema_long,bb_width,volatility,atr,cci,parabolic_sar,vwap,wma,trix,bb_upper,bb_middle,bb_lower
2024-07-01 03:00:00,62772.01,63861.76,62497.2,62899.99,24547.10538,53.48535245804983,-1506.1296181897123,-1423.4351481988576,-82.69446999085471,33.198016966392416,62170.378012092784,64126.306446009105,3877.843178295603,1322.9078926477064,1920.8621433922697,109.74725147065297,58495.1352,56701.63059386409,62108.68152380953,-0.319176789513625,63697.5195891478,61758.598,59819.6764108522
