time,open,high,low,close,volume,rsi,macd,macd_signal,macd_diff,ADX,ema_short,ema_long,bb_width,volatility,atr,cci,parabolic_sar,vwap,wma,trix,bb_upper,bb_middle,bb_lower
2025-05-24 03:00:00,107318.3,109506.03,106875.41,107761.91,16782.53129,57.17735898003807,3894.231093963943,3909.5000963786106,-15.26900241466774,32.279186160220625,107543.1763783159,102565.23235094892,7170.939796793886,2752.209735358713,3116.343057449483,42.55191323810664,106606.258176,94172.67296102998,106838.78352380954,0.5997992991290709,112239.54989839694,108654.08,105068.61010160306
