time,open,high,low,close,volume,rsi,macd,macd_signal,macd_diff,ADX,ema_short,ema_long,bb_width,volatility,atr,cci,parabolic_sar,vwap,wma,trix,bb_upper,bb_middle,bb_lower
2025-01-27 02:00:00,102620.01,103260.0,97777.77,102082.83,50758.1341,45.943046128389454,1760.3063155819543,1616.988242782351,143.3180727996032,12.83743997494275,103142.62290415232,100826.0993092936,4481.900669285125,1513.6723453351035,4308.949868671404,-195.9451353815979,109588.0,99018.00498326894,103388.46895238098,0.2330682785962566,105887.05433464255,103646.104,101405.15366535744
