time,open,high,low,close,volume,rsi,macd,macd_signal,macd_diff,adx,ema_short,ema_long,bb_width,volatility,atr,cci,parabolic_sar,vwap,wma,trix,bb_upper,bb_middle,bb_lower
2024-12-23 02:00:00,95186.28,96538.92,92520.0,94881.47,32810.76703,27.081571220633094,1016.2541981062241,2379.02271512571,-1362.768517019486,30.91403633473383,97611.29877429179,97679.93574734253,4931.172667972598,4271.298573682488,4261.278228213811,-92.146449148171,106271.0000064,63349.24582626908,99195.21761904762,0.3594632985775524,98990.9923339863,96525.406,94059.8196660137
