time,open,high,low,close,volume,rsi,macd,macd_signal,macd_diff,adx,ema_short,ema_long,bb_width,volatility,atr,cci,parabolic_sar,vwap,wma,trix,bb_upper,bb_middle,bb_lower
2024-04-08 03:00:00,69360.38,72797.99,69043.24,71620.0,45723.87624,67.4833852583106,1252.6283725710964,1397.6843951567712,-145.05602258567478,17.15589288859782,69298.23332644765,67779.77160371967,5177.688445659936,1999.7536626963868,3218.782607168752,112.89351113669929,64493.07,53078.6669131495,68982.99742857143,0.28586694502117765,71825.80422282996,69236.95999999999,66648.11577717002
