time,open,high,low,close,volume,rsi,macd,macd_signal,macd_diff,ADX,ema_short,ema_long,bb_width,volatility,atr,cci,parabolic_sar,vwap,wma,trix,bb_upper,bb_middle,bb_lower
2025-04-19 03:00:00,84474.7,85677.99,84364.45,85077.01,9666.58153,59.59147607729763,18.50670699651528,-501.2464987265216,519.7532057230369,12.19994478239333,84259.02215763596,83733.65951568287,2166.0971433205414,1630.993079036795,3286.5538297865023,92.03475403281804,78010.03974816721,93050.75254813748,83738.14085714285,-0.0864788146888225,85517.84457166027,84434.796,83351.74742833973
