time,open,high,low,close,volume,rsi,macd,macd_signal,macd_diff,ADX,ema_short,ema_long,bb_width,volatility,atr,cci,parabolic_sar,vwap,wma,trix,bb_upper,bb_middle,bb_lower
2025-06-20 03:00:00,104658.59,106524.65,102345.0,103297.99,16419.06283,31.720392790537048,52.93833090191765,582.8521375596622,-529.9138066577445,15.504047082152251,104893.3445374841,105356.07636212278,4495.857346373057,1442.7439057896972,2893.8554432208853,-122.8186787585203,110251.775268,95092.09225103418,105577.85857142856,0.068371978277551,107085.74067318652,104837.812,102589.88332681346
