time,open,high,low,close,volume,rsi,macd,macd_signal,macd_diff,ADX,ema_short,ema_long,bb_width,volatility,atr,cci,parabolic_sar,vwap,wma,trix,bb_upper,bb_middle,bb_lower
2025-06-23 03:00:00,100963.87,106074.2,99613.33,105333.93,27666.50609,56.05042163441329,-381.3697651848197,114.66033635070517,-496.03010153552486,17.807240441015733,103876.7142580011,104830.39566852443,6407.337362909486,1750.9621682235306,3317.0272699549137,-26.35645577242916,108494.47616169575,95190.3314982414,104313.75971428573,0.0060812040472001,106478.54668145474,103274.878,100071.20931854524
