time,open,high,low,close,volume,rsi,macd,macd_signal,macd_diff,adx,ema_short,ema_long,bb_width,volatility,atr,cci,parabolic_sar,vwap,wma,trix,bb_upper,bb_middle,bb_lower
2024-11-15 02:00:00,87325.59,91850.0,87073.38,91032.07,47927.95068,79.01010116726931,5881.765970132314,4234.443433855325,1647.322536276989,41.08131150228261,86074.91718209397,76921.2227664694,5663.685668476246,6576.302490385104,3671.308527676745,78.00172809817744,78860.88642723407,59504.09832461275,83251.67971428572,0.8565985479639271,91898.41483423812,89066.572,86234.72916576188
