time,open,high,low,close,volume,rsi,macd,macd_signal,macd_diff,adx,ema_short,ema_long,bb_width,volatility,atr,cci,parabolic_sar,vwap,wma,trix,bb_upper,bb_middle,bb_lower
2024-12-10 02:00:00,97276.48,98270.0,94256.54,96593.0,51708.68933,44.018777768080376,3431.107284145415,4179.201476900865,-748.0941927554495,41.53893383315246,97977.74180400954,94288.45189445751,6791.8693462781375,1821.4353959899142,4162.640956683616,-62.965376890912374,91170.35180392,62164.59520229403,97943.4399047619,0.695826474713441,102306.31267313907,98910.378,95514.44332686093
