time,open,high,low,close,volume,rsi,macd,macd_signal,macd_diff,adx,ema_short,ema_long,bb_width,volatility,atr,cci,parabolic_sar,vwap,wma,trix,bb_upper,bb_middle,bb_lower
2024-10-09 03:00:00,62160.5,62543.75,60301.0,60636.02,20011.15684,31.621499755830726,224.64706156103784,593.5744293154851,-368.92736775444723,15.95606048255925,61868.76633352329,61931.343517629764,2889.9423879762617,975.9935816465957,1980.722741228001,-69.53111260199991,60012.253168,57616.58989889045,62121.77961904762,0.16887913578913916,63424.655193988125,61979.683999999994,60534.71280601186
