time,open,high,low,close,volume,rsi,macd,macd_signal,macd_diff,adx,ema_short,ema_long,bb_width,volatility,atr,cci,parabolic_sar,vwap,wma,trix,bb_upper,bb_middle,bb_lower
2024-08-12 03:00:00,58712.59,60711.09,57642.21,59346.64,37009.91743,46.25003904304629,-1310.0153460865404,-1036.9029551880956,-273.1123908984448,25.78182414263366,59524.84618727394,61391.49393265524,4391.964665183754,2681.6112004264824,3262.0630935376316,31.239449651151443,49998.809969919996,57257.297478403605,59273.78152380952,-0.21314070655133513,62497.326332591874,60301.344,58105.36166740812
