time,open,high,low,close,volume,rsi,macd,macd_signal,macd_diff,adx,ema_short,ema_long,bb_width,volatility,atr,cci,parabolic_sar,vwap,wma,trix,bb_upper,bb_middle,bb_lower
2024-06-06 03:00:00,71108.0,71700.0,70117.64,70799.06,21842.00449,70.05963438509131,1270.9895415700303,1142.198152526719,128.79138904331126,22.45624098937353,69722.24059840254,67935.47831443876,5176.027381417487,1402.126896649758,2180.253115558394,111.62696699458957,66957.87424,56095.99256049078,69177.17495238094,0.2693285647291937,72392.09969070874,69804.086,67216.07230929125
