time,open,high,low,close,volume,rsi,macd,macd_signal,macd_diff,ADX,ema_short,ema_long,bb_width,volatility,atr,cci,parabolic_sar,vwap,wma,trix,bb_upper,bb_middle,bb_lower
2025-05-20 03:00:00,105573.73,107320.0,104184.72,106849.99,23705.48275,73.85192032898561,3751.5929218731617,3752.962097858157,-1.369175984995309,31.646994113836453,104957.54596109716,100135.56388240024,6116.639658235625,1416.0867831959697,2899.333676866332,145.48645050125353,102000.0,93775.7768146296,104519.51857142856,0.5958736793842184,108152.02782911784,105093.708,102035.3881708822
