time,open,high,low,close,volume,rsi,macd,macd_signal,macd_diff,adx,ema_short,ema_long,bb_width,volatility,atr,cci,parabolic_sar,vwap,wma,trix,bb_upper,bb_middle,bb_lower
2024-11-06 02:00:00,69372.01,76400.0,69298.0,75571.99,104126.994787,78.18655101569846,1704.4607612513646,1577.970792003513,126.4899692478516,21.411864945229148,70778.50043046474,68426.2562419998,10994.477859649982,2308.0339805549465,2553.278425522857,139.22829997217323,66835.0,58357.72275297901,70283.14609523809,0.3553243294732128,75686.186929825,70188.948,64691.70907017501
