time,open,high,low,close,volume,rsi,macd,macd_signal,macd_diff,adx,ema_short,ema_long,bb_width,volatility,atr,cci,parabolic_sar,vwap,wma,trix,bb_upper,bb_middle,bb_lower
2024-09-07 03:00:00,53962.97,54850.0,53745.54,54160.86,16694.04774,24.495308936753133,-1465.9316515339378,-867.3892453463226,-598.5424061876153,24.85184530141741,56276.134448910656,58766.649751731726,6609.285461671025,2011.4237123884752,2568.247081202942,-142.8161576016891,61361.62868069024,57365.5604572824,57197.34685714285,-0.19058311819182838,59257.13473083552,55952.492000000006,52647.84926916449
