time,open,high,low,close,volume,rsi,macd,macd_signal,macd_diff,adx,ema_short,ema_long,bb_width,volatility,atr,cci,parabolic_sar,vwap,wma,trix,bb_upper,bb_middle,bb_lower
2024-12-27 02:00:00,95791.6,97544.58,93500.01,94299.03,26501.26429,33.54530808933943,286.66427685036615,1354.8010750404046,-1068.1367981900385,26.079135028594898,96808.71945592828,97459.97544928033,8229.79273469752,2008.6951096594921,4230.84113666219,-88.63019254912172,104156.05771413342,63551.75346581552,97630.92438095239,0.1981263214212717,100727.95236734877,96613.05600000001,92498.15963265125
