time,open,high,low,close,volume,rsi,macd,macd_signal,macd_diff,ADX,ema_short,ema_long,bb_width,volatility,atr,cci,parabolic_sar,vwap,wma,trix,bb_upper,bb_middle,bb_lower
2025-05-23 03:00:00,111696.22,111800.0,106800.0,107318.3,31737.72309,55.32377969831941,4046.964990163368,3913.317346982277,133.6476431810902,32.71975067632851,107470.26517108789,102132.17588019466,8727.776827084133,2872.827040738788,3153.706369560982,75.01283166552273,105262.82272,94126.18741292554,106539.30161904762,0.6041720007323664,112580.33441354206,108216.446,103852.55758645792
