time,open,high,low,close,volume,rsi,macd,macd_signal,macd_diff,adx,ema_short,ema_long,bb_width,volatility,atr,cci,parabolic_sar,vwap,wma,trix,bb_upper,bb_middle,bb_lower
2024-10-19 03:00:00,68427.99,68693.26,68010.0,68378.0,8193.66737,81.3390403602202,1629.7197182951859,1034.812488314542,594.9072299806439,19.612266524735013,66852.2564817793,64159.15248035826,2138.835962382349,2895.5563088371578,1970.8105627866914,82.53001173135696,61175.980605081604,57788.30081295767,65750.51323809524,0.22938775952211446,68853.80398119119,67784.38600000001,66714.96801880884
