time,open,high,low,close,volume,rsi,macd,macd_signal,macd_diff,adx,ema_short,ema_long,bb_width,volatility,atr,cci,parabolic_sar,vwap,wma,trix,bb_upper,bb_middle,bb_lower
2024-05-16 03:00:00,66206.51,66752.01,64602.77,65235.21,31106.3671,62.66654998201726,-206.6122270291089,-716.0079425812655,509.3957155521566,19.362222039636297,63539.313512585555,63278.066666482744,7675.270160637847,1856.512995513131,2777.5978208236083,175.09020399702536,58376.46274971939,55131.94601715686,62947.82314285714,-0.18582628742106527,67326.28908031892,63488.654,59651.018919681075
