time,open,high,low,close,volume,rsi,macd,macd_signal,macd_diff,adx,ema_short,ema_long,bb_width,volatility,atr,cci,parabolic_sar,vwap,wma,trix,bb_upper,bb_middle,bb_lower
2024-04-14 03:00:00,63924.52,65840.0,62134.0,65661.84,61599.17818,39.123659880787194,223.09385661079432,904.5871747939032,-681.4933181831088,18.294140013088644,67245.82879271981,67664.01265452214,10180.728481427184,2337.095797358067,3656.8477869706176,-133.28994420483934,72164.43950400001,53760.21469233097,67978.634,0.1759064619774699,72558.40024071358,67468.036,62377.6717592864
