time,open,high,low,close,volume,rsi,macd,macd_signal,macd_diff,ADX,ema_short,ema_long,bb_width,volatility,atr,cci,parabolic_sar,vwap,wma,trix,bb_upper,bb_middle,bb_lower
2025-02-21 02:00:00,98305.01,99475.0,94871.95,96181.98,32249.2814,43.82180671049529,-851.9315146470908,-899.5617747599265,47.630260112835686,32.105748264349934,96750.76219860517,97778.11669906936,3829.585149449791,925.4451756350164,3296.1545476914,12.570988465091064,91380.6072,98883.07728864506,96726.97438095238,-0.1424938070746512,98431.41057472488,96516.618,94601.82542527508
