time,open,high,low,close,volume,rsi,macd,macd_signal,macd_diff,ADX,ema_short,ema_long,bb_width,volatility,atr,cci,parabolic_sar,vwap,wma,trix,bb_upper,bb_middle,bb_lower
2025-03-18 02:00:00,84010.02,84021.74,81134.66,82715.03,17610.89883,44.31921924341782,-2726.6697298008366,-3000.850476669834,274.1807468689972,36.78125137114981,83320.21016864615,86532.83412145602,2921.0013371962705,1818.34773851434,4308.105372529236,4.141819488521518,87892.36110584706,95392.63694935237,83234.43590476191,-0.4953021603076517,84984.74666859813,83524.246,82063.74533140186
