time,open,high,low,close,volume,rsi,macd,macd_signal,macd_diff,ADX,ema_short,ema_long,bb_width,volatility,atr,cci,parabolic_sar,vwap,wma,trix,bb_upper,bb_middle,bb_lower
2025-03-15 02:00:00,83983.19,84676.28,83618.0,84338.44,11324.7332,49.92387355991619,-3086.382818243452,-3162.0681817534733,75.68536351002149,36.08426136251597,83620.80891827233,87463.83072617989,4579.858436351788,3287.066407702941,4691.3299600456185,34.184804474921144,90194.46438872776,95586.54629078924,83942.53657142857,-0.5085696978746254,85500.0352181759,83210.106,80920.1767818241
