time,open,high,low,close,volume,rsi,macd,macd_signal,macd_diff,adx,ema_short,ema_long,bb_width,volatility,atr,cci,parabolic_sar,vwap,wma,trix,bb_upper,bb_middle,bb_lower
2024-12-13 02:00:00,100004.29,101895.26,99205.0,101424.25,21904.03923,63.10922131048968,3373.1680492091837,3798.6774100062225,-425.5093607970389,40.029048218329024,99661.92982356652,95691.31195431162,7951.940570298117,1812.0422284149163,4122.814905916146,89.32684899048039,92032.99764142539,62415.17725507405,99161.14695238095,0.6114166311525229,103260.57228514906,99284.602,95308.63171485094
