time,open,high,low,close,volume,rsi,macd,macd_signal,macd_diff,adx,ema_short,ema_long,bb_width,volatility,atr,cci,parabolic_sar,vwap,wma,trix,bb_upper,bb_middle,bb_lower
2024-01-13 02:00:00,42782.74,43257.0,42436.12,42847.99,36118.47464,35.50920786143121,615.6925428830873,783.4305621634026,-167.73801928031526,17.45688568048798,44397.431309618914,43812.299319034544,6995.861790131574,1575.0788166536117,2220.372783475366,-96.83227475726821,48969.48,43168.55798293251,44673.06104761905,0.2096245452800636,48444.704895065785,44946.774,41448.84310493421
