time,open,high,low,close,volume,rsi,macd,macd_signal,macd_diff,adx,ema_short,ema_long,bb_width,volatility,atr,cci,parabolic_sar,vwap,wma,trix,bb_upper,bb_middle,bb_lower
2024-03-06 02:00:00,63724.01,67641.1,62779.14,66074.04,78738.85491,68.60271292889534,4756.9076233035885,3952.9665216460826,803.9411016575059,51.797004426246716,63475.85230151696,56606.01812064993,8990.971326405954,3973.6169037229774,3075.3385235037103,106.56690182521824,56856.09831266674,47321.96189237609,61934.19514285715,1.1446340831498072,69124.48766320298,64629.002,60133.51633679702
