time,open,high,low,close,volume,rsi,macd,macd_signal,macd_diff,ADX,ema_short,ema_long,bb_width,volatility,atr,cci,parabolic_sar,vwap,wma,trix,bb_upper,bb_middle,bb_lower
2025-06-26 03:00:00,107340.59,108272.45,106562.5,106947.06,10573.27279,62.12486639387512,155.3552400702174,62.74536543763976,92.60987463257764,15.97112969045413,105604.03445259422,105253.55454492956,9171.6716199512,2025.0965738110208,3035.0258280214807,120.6709543248947,98398.706,95279.78203319282,105000.00952380952,-0.0074271767507413,109919.5238099756,105333.688,100747.8521900244
