time,open,high,low,close,volume,rsi,macd,macd_signal,macd_diff,ADX,ema_short,ema_long,bb_width,volatility,atr,cci,parabolic_sar,vwap,wma,trix,bb_upper,bb_middle,bb_lower
2025-06-22 03:00:00,102120.02,103399.62,98200.0,100963.87,28746.41072,21.577615951792936,-504.4260228207859,238.6678617345864,-743.0938845553723,17.773916245747092,103390.9756773348,104788.4344742348,5972.7141086959455,1810.4871403989712,3075.1932137976,-179.1205924363187,109389.6480018432,95138.09856276184,104356.878,0.0234919354846001,106171.80505434798,103185.448,100199.09094565205
