time,open,high,low,close,volume,rsi,macd,macd_signal,macd_diff,adx,ema_short,ema_long,bb_width,volatility,atr,cci,parabolic_sar,vwap,wma,trix,bb_upper,bb_middle,bb_lower
2024-05-30 03:00:00,67652.41,69500.0,67128.0,68352.17,28478.2184,52.39906773235565,1245.052102130474,1246.1568207600262,-1.1047186295522806,20.15872446495322,68376.53025799147,66828.68946308347,2278.8440760487865,751.7761304196114,2475.3931821099018,-41.25627888963553,71694.565072,55818.36820004945,68619.7798095238,0.28953926243227973,69608.83803802439,68469.416,67329.9939619756
