time,open,high,low,close,volume,rsi,macd,macd_signal,macd_diff,adx,ema_short,ema_long,bb_width,volatility,atr,cci,parabolic_sar,vwap,wma,trix,bb_upper,bb_middle,bb_lower
2024-09-30 03:00:00,65602.01,65618.8,59828.11,62819.91,169447.68762,52.9570874468837,1159.5050188653768,1625.5932518242048,-466.08823295882803,23.104229032648586,61945.492933212896,60770.97075452175,15179.613191901888,3512.1281315213346,6682.562498233257,70.48002080661972,67300.07755958554,46872.80386560938,61246.660857142866,0.37966634557694806,68790.33259595094,61200.526,53610.71940404905
