time,open,high,low,close,volume,rsi,macd,macd_signal,macd_diff,ADX,ema_short,ema_long,bb_width,volatility,atr,cci,parabolic_sar,vwap,wma,trix,bb_upper,bb_middle,bb_lower
2025-04-29 03:00:00,95011.18,95461.53,93742.54,94256.82,16955.3402,70.74952994375212,2941.659189308164,2108.334723962486,833.3244653456782,27.315694434822262,93425.4076604712,88904.57641188015,1706.7163411551446,3380.779499909645,2928.806023028565,57.36286774259391,89446.8420866321,93037.88363650632,92525.07533333334,0.3584801566347578,95310.15417057756,94456.796,93603.43782942244
