time,open,high,low,close,volume,rsi,macd,macd_signal,macd_diff,adx,ema_short,ema_long,bb_width,volatility,atr,cci,parabolic_sar,vwap,wma,trix,bb_upper,bb_middle,bb_lower
2024-03-29 03:00:00,70780.6,70916.16,69009.0,69850.54,25445.08353,58.36171789203495,2131.8582462827035,2321.7832248681834,-189.92497858547995,26.09790805418781,69053.3211728085,66420.51063194055,1722.2649123806914,2606.8011708522386,3643.4157276610745,60.04518244834485,62612.0014944,52112.808095260516,68082.16323809524,0.5333134548694233,70854.96045619034,69993.828,69132.69554380965
