time,open,high,low,close,volume,rsi,macd,macd_signal,macd_diff,adx,ema_short,ema_long,bb_width,volatility,atr,cci,parabolic_sar,vwap,wma,trix,bb_upper,bb_middle,bb_lower
2024-06-29 03:00:00,60427.84,61224.0,60383.77,60986.68,11509.55904,35.08149864547697,-1790.5782725527752,-1341.6175239324584,-448.96074862031674,34.08784099047937,61645.56202149828,64349.87360677457,2093.093050643831,1718.3629955091292,1934.2011248809747,-64.62836556875978,63494.67138589271,56671.11621809253,62189.544761904755,-0.2908812206542543,62204.94452532192,61158.398,60111.851474678086
