time,open,high,low,close,volume,rsi,macd,macd_signal,macd_diff,adx,ema_short,ema_long,bb_width,volatility,atr,cci,parabolic_sar,vwap,wma,trix,bb_upper,bb_middle,bb_lower
2024-11-26 02:00:00,93010.01,94973.37,90791.1,91965.16,57858.73138,44.01962920435676,5922.367445456563,6306.081846581909,-383.71440112534674,51.74749900165089,94291.84296525392,87189.14185128958,11303.508042640111,3445.012582520718,3579.197691022259,-65.80125506654444,99448.2536,60726.6127772823,94405.86704761906,1.1997730546084546,101539.67602132005,95887.92199999999,90236.16797867994
