time,open,high,low,close,volume,rsi,macd,macd_signal,macd_diff,adx,ema_short,ema_long,bb_width,volatility,atr,cci,parabolic_sar,vwap,wma,trix,bb_upper,bb_middle,bb_lower
2024-06-18 03:00:00,66504.33,66588.23,64060.0,65175.32,42350.10244,25.415935117424993,-321.9716787400248,209.27114709191244,-531.2428258319372,19.315024085297512,66558.60598377798,67480.4882874317,2091.938204272592,1488.146361611966,2031.7982963493462,-112.9810358589437,70657.6518137159,56506.495856089125,67122.362,0.06267360283439996,67171.7211021363,66125.75200000001,65079.78289786371
