time,open,high,low,close,volume,rsi,macd,macd_signal,macd_diff,adx,ema_short,ema_long,bb_width,volatility,atr,cci,parabolic_sar,vwap,wma,trix,bb_upper,bb_middle,bb_lower
2024-03-01 02:00:00,61130.99,63114.23,60777.0,62387.9,47737.93473,84.65190905590319,3744.4152159008736,2812.4832669269686,931.931948973905,44.46843296589607,58373.03669445834,52590.78322430583,12762.140581338703,4875.863331868586,2212.8715014688114,103.2228037880873,52414.196861280005,45736.214588102106,56286.31771428572,0.8634113987237121,65874.02829066936,59492.958000000006,53111.88770933066
