time,open,high,low,close,volume,rsi,macd,macd_signal,macd_diff,ADX,ema_short,ema_long,bb_width,volatility,atr,cci,parabolic_sar,vwap,wma,trix,bb_upper,bb_middle,bb_lower
2025-06-12 03:00:00,108645.13,108813.55,105671.72,105671.73,17778.67218,43.5428841938053,1214.0465450907504,1325.9096922870683,-111.8631471963181,16.89111160620528,107146.4528331898,105660.9455715583,8235.858461002033,2760.893659792652,2896.487661684071,15.881380479219594,101651.3201223936,94873.30974743882,106559.52295238095,0.1729043748113435,112235.58123050102,108117.652,103999.722769499
