time,open,high,low,close,volume,rsi,macd,macd_signal,macd_diff,adx,ema_short,ema_long,bb_width,volatility,atr,cci,parabolic_sar,vwap,wma,trix,bb_upper,bb_middle,bb_lower
2024-03-27 02:00:00,69987.99,71769.54,68359.18,69469.99,49119.35685,59.494673398234575,2050.489633577614,2423.715404546298,-373.2257709686842,29.763463367133255,68123.24208499287,65747.514422208,9172.77694056055,2806.204143034586,3863.784157524086,103.37327156325225,61405.644,51910.94199282064,67264.72628571429,0.5798663239159552,72693.98847028028,68107.6,63521.21152971973
