time,open,high,low,close,volume,rsi,macd,macd_signal,macd_diff,adx,ema_short,ema_long,bb_width,volatility,atr,cci,parabolic_sar,vwap,wma,trix,bb_upper,bb_middle,bb_lower
2024-05-06 03:00:00,64012.0,65500.0,62700.0,63165.19,34674.91949,52.29866186161653,-951.3912012151341,-1098.6532652753392,147.26206406020515,25.432859392852457,62788.75471105209,63829.379014328835,7286.005045377962,2098.373696671158,3056.6040798930235,67.36947035133204,56552.82,54821.7357089873,62502.79942857143,-0.2687643685260445,66245.372522689,62602.37000000001,58959.36747731103
