time,open,high,low,close,volume,rsi,macd,macd_signal,macd_diff,adx,ema_short,ema_long,bb_width,volatility,atr,cci,parabolic_sar,vwap,wma,trix,bb_upper,bb_middle,bb_lower
2024-06-25 03:00:00,60293.3,62420.0,60257.06,61806.01,31189.24361,29.41191490984798,-1451.033276508795,-792.6944244523625,-658.3388520564326,26.499694595178532,63120.89367288345,65618.83343186189,6030.864185233659,1983.9495065198687,2043.6977312918848,-121.29656670838644,66894.09736405616,56631.67230907782,63933.831333333335,-0.16202721930995526,65758.41009261683,62742.978,59727.54590738317
