time,open,high,low,close,volume,rsi,macd,macd_signal,macd_diff,adx,ema_short,ema_long,bb_width,volatility,atr,cci,parabolic_sar,vwap,wma,trix,bb_upper,bb_middle,bb_lower
2024-03-11 02:00:00,68955.88,73777.0,64533.0,68393.48,477496.91752,91.93876390524166,8155.523973562427,5630.617616913619,2524.9063566488085,58.73055638653051,58796.567358349406,45719.854231910205,30296.33574636276,11033.162335399184,5016.512834813875,132.92428745343284,44841.42678453504,38127.846853917756,53898.52780952381,2.2355269887086426,76014.13787318137,60865.969999999994,45717.80212681861
