time,open,high,low,close,volume,rsi,macd,macd_signal,macd_diff,adx,ema_short,ema_long,bb_width,volatility,atr,cci,parabolic_sar,vwap,wma,trix,bb_upper,bb_middle,bb_lower
2024-01-09 02:00:00,46951.04,47972.0,44748.67,46110.0,69927.66617,66.17110668995761,915.4632718816429,698.079314721534,217.38395716010882,18.12825977608255,44963.36450941286,43550.2347675996,5052.90846637213,1381.9158755726992,1920.375921010807,143.4023098085142,40879.9798,42855.56886720298,44406.83838095237,,47547.15223318606,45020.698,42494.24376681393
