time,open,high,low,close,volume,rsi,macd,macd_signal,macd_diff,adx,ema_short,ema_long,bb_width,volatility,atr,cci,parabolic_sar,vwap,wma,trix,bb_upper,bb_middle,bb_lower
2024-09-17 03:00:00,58213.99,61320.0,57610.01,60313.99,33116.25878,63.91252038701314,-123.98511053432594,-580.3474595606696,456.3623490263436,17.52348875054652,58972.044761470526,58675.14497795006,3397.0081976137008,1738.2220690756758,2380.401603576686,78.78016046068022,53869.093618585604,57388.47258126386,58347.39876190477,-0.15676034950089912,61328.706098806855,59630.202000000005,57931.697901193154
