time,open,high,low,close,volume,rsi,macd,macd_signal,macd_diff,adx,ema_short,ema_long,bb_width,volatility,atr,cci,parabolic_sar,vwap,wma,trix,bb_upper,bb_middle,bb_lower
2024-03-13 02:00:00,71452.0,73650.25,71333.31,73072.41,52659.711647,81.27592169741952,5498.062712424682,4987.0707770137205,510.99193541096156,56.860561126345814,69965.53708700059,62421.92213325106,7332.95352397018,2868.077359832592,3084.8016857986936,132.79838292443543,65472.19042811406,49182.05831283829,68729.45628571429,1.3425914364434135,74440.81076198509,70774.334,67107.85723801491
