time,open,high,low,close,volume,rsi,macd,macd_signal,macd_diff,adx,ema_short,ema_long,bb_width,volatility,atr,cci,parabolic_sar,vwap,wma,trix,bb_upper,bb_middle,bb_lower
2024-06-23 03:00:00,64262.01,64521.0,63178.32,63210.01,8224.45447,15.52547776918189,-982.662038809678,-454.7912306453851,-527.870808164293,21.874133348040875,64647.81764068169,66406.84111100456,2525.6048464188934,1143.4658656214526,1808.8887297823037,-130.16277814754773,68593.64293441434,56589.07601521862,65165.477428571416,-0.0877759575778722,65554.79042320944,64291.988,63029.18557679055
