time,open,high,low,close,volume,rsi,macd,macd_signal,macd_diff,adx,ema_short,ema_long,bb_width,volatility,atr,cci,parabolic_sar,vwap,wma,trix,bb_upper,bb_middle,bb_lower
2024-03-23 02:00:00,63796.64,65999.0,63000.0,63990.01,26410.11409,41.515275731681946,1786.4916280984253,3090.845781299753,-1304.3541532013278,37.49719251453978,65477.73486121206,64443.44550263708,7882.992285657718,2912.996280508944,3974.458272309977,-82.84139697760152,68605.74869517375,51347.90411617422,66507.57161904762,0.785360321130576,68554.66214282886,64613.166000000005,60671.669857171146
