time,open,high,low,close,volume,rsi,macd,macd_signal,macd_diff,adx,ema_short,ema_long,bb_width,volatility,atr,cci,parabolic_sar,vwap,wma,trix,bb_upper,bb_middle,bb_lower
2024-01-24 02:00:00,39897.59,40555.0,39484.19,40084.88,39293.82861,30.3844665624934,-803.092853355447,-346.83659990305847,-456.25625345238853,21.276573374945695,40828.027737749835,42293.52433132279,3568.776994285785,1232.8099109329703,1757.6978642995405,-92.48741234438894,45320.61848421839,42848.78343239818,41264.405238095234,-0.12099034289780261,42349.76249714289,40565.373999999996,38780.985502857104
