time,open,high,low,close,volume,rsi,macd,macd_signal,macd_diff,adx,ema_short,ema_long,bb_width,volatility,atr,cci,parabolic_sar,vwap,wma,trix,bb_upper,bb_middle,bb_lower
2024-03-24 02:00:00,63990.02,67628.69,63772.29,67209.99,31395.78015,54.00266070124995,1747.9315556883885,2822.2629361774807,-1074.3313804890922,35.71504306678748,65910.79864590905,64656.25661781884,6558.773042213026,2390.772788297654,3966.0255385735504,25.057177559838706,67822.67382565638,51440.61426384969,66413.50247619048,0.7117907456897365,68947.0705211065,65667.684,62388.29747889348
