time,open,high,low,close,volume,rsi,macd,macd_signal,macd_diff,ADX,ema_short,ema_long,bb_width,volatility,atr,cci,parabolic_sar,vwap,wma,trix,bb_upper,bb_middle,bb_lower
2025-03-14 02:00:00,81115.78,85309.71,80818.84,83983.2,26858.52755,48.61021593959073,-3309.1423689930234,-3180.9895226309786,-128.15284636204478,36.24765572235695,83381.59855769644,87724.27995336155,7995.479383151425,3928.8762182214127,4970.79534158759,-14.353326485031117,91061.8131794976,95624.9867479408,84111.14019047617,-0.5068690981077106,86059.32969157571,82061.59,78063.85030842428
