time,open,high,low,close,volume,rsi,macd,macd_signal,macd_diff,adx,ema_short,ema_long,bb_width,volatility,atr,cci,parabolic_sar,vwap,wma,trix,bb_upper,bb_middle,bb_lower
2024-07-18 03:00:00,64087.99,65133.3,63238.48,63987.92,22568.7225,70.41362418703486,68.49029246628925,-969.1354937594298,1037.625786225719,31.79372312686278,62595.909690918226,61479.941741074326,6068.067879330047,3237.2382782871373,2447.5117707245663,74.88893703770844,55680.9793420416,56870.87106505321,61246.681333333334,-0.26807289265836115,66762.42393966502,63728.39,60694.356060334976
