time,open,high,low,close,volume,rsi,macd,macd_signal,macd_diff,adx,ema_short,ema_long,bb_width,volatility,atr,cci,parabolic_sar,vwap,wma,trix,bb_upper,bb_middle,bb_lower
2024-08-25 03:00:00,64157.02,65000.0,63773.27,64220.0,12305.47977,72.87355659945285,296.46772740870074,-476.43933447344943,772.9070618821502,21.322903094357752,62308.28932274078,61144.24397669944,6685.446262039855,2349.984676541553,2705.8200938544674,117.91313174116205,55530.52106957643,57350.88248914664,61247.10942857143,-0.14176102902082593,66131.94713101993,62789.224,59446.500868980074
