time,open,high,low,close,volume,rsi,macd,macd_signal,macd_diff,ADX,ema_short,ema_long,bb_width,volatility,atr,cci,parabolic_sar,vwap,wma,trix,bb_upper,bb_middle,bb_lower
2025-06-18 03:00:00,104551.17,105550.27,103500.0,104886.78,13968.64167,41.56201222367945,397.3841357961792,827.4595422011334,-430.0754064049543,15.623634603250368,105680.64251108284,105599.9996888802,3074.9811225477606,2143.930247200464,2910.182644208838,-81.34920699551877,110530.17,95052.87626007266,106170.69942857142,0.1010055182824438,106985.71656127388,105448.226,103910.73543872611
