time,open,high,low,close,volume,rsi,macd,macd_signal,macd_diff,ADX,ema_short,ema_long,bb_width,volatility,atr,cci,parabolic_sar,vwap,wma,trix,bb_upper,bb_middle,bb_lower
2025-02-19 02:00:00,95671.74,96899.99,95029.99,96644.37,16438.50954,48.10852906429166,-1028.1028352067517,-929.40432693654,-98.6985082702115,32.08175234542978,96485.47501974256,97878.30543154669,2778.60365972665,843.505994574964,3264.8052150740486,-45.61576779783235,97539.28548,98923.45636123432,96582.33866666663,-0.1426691839085572,97746.07982986332,96356.778,94967.47617013668
