time,open,high,low,close,volume,rsi,macd,macd_signal,macd_diff,adx,ema_short,ema_long,bb_width,volatility,atr,cci,parabolic_sar,vwap,wma,trix,bb_upper,bb_middle,bb_lower
2024-03-26 02:00:00,69880.0,71561.1,69280.0,69988.0,38934.38417,62.382635568531455,2025.23242207359,2517.021847288469,-491.789425214879,31.81032616296604,67674.32611332384,65437.30812405867,10819.920674814493,2708.0202794327306,3898.6629388720926,146.4017629869896,60982.5,51753.0918207574,67005.95742857142,0.6142492969226948,72382.89033740724,66972.93,61562.969662592746
