time,open,high,low,close,volume,rsi,macd,macd_signal,macd_diff,adx,ema_short,ema_long,bb_width,volatility,atr,cci,parabolic_sar,vwap,wma,trix,bb_upper,bb_middle,bb_lower
2024-03-02 02:00:00,62387.9,62433.19,61561.12,61987.28,25534.73659,80.8317002739723,3934.021003232272,3036.7908141880293,897.2301890442427,46.74048702938786,59276.59752084375,53313.590668590004,8133.2128131309,5089.954582559591,2117.0999656496106,79.2214486485491,53109.3450496032,45840.648572038896,57289.786666666674,0.9196462927993074,65061.726406565445,60995.119999999995,56928.513593434545
