time,open,high,low,close,volume,rsi,macd,macd_signal,macd_diff,ADX,ema_short,ema_long,bb_width,volatility,atr,cci,parabolic_sar,vwap,wma,trix,bb_upper,bb_middle,bb_lower
2025-02-13 02:00:00,97870.0,98083.91,95217.36,96608.14,19921.77616,42.446123002859565,-1052.6927764989669,-668.4725539483211,-384.22022255064576,27.916764288969983,97074.45838253148,98738.82421726584,2957.2644292167097,664.3843419324517,3951.464107477174,-26.00316907911626,100131.71244973164,99020.4008520582,97114.98285714288,-0.0881147715980132,98308.61221460837,96829.98,95351.34778539166
