time,open,high,low,close,volume,rsi,macd,macd_signal,macd_diff,adx,ema_short,ema_long,bb_width,volatility,atr,cci,parabolic_sar,vwap,wma,trix,bb_upper,bb_middle,bb_lower
2024-03-28 02:00:00,69469.99,71552.06,68903.62,70780.6,35439.03239,64.48628177837679,2151.4607293875742,2369.264469514553,-217.80374012697894,27.862805056717097,68787.58156374466,66134.67485126892,4820.508880250825,3083.090984517721,3776.9738605580797,89.23132937348001,62027.47776,52031.46440197361,67732.5519047619,0.5549418688780404,71875.97244012542,69465.71800000001,67055.4635598746
