time,open,high,low,close,volume,rsi,macd,macd_signal,macd_diff,adx,ema_short,ema_long,bb_width,volatility,atr,cci,parabolic_sar,vwap,wma,trix,bb_upper,bb_middle,bb_lower
2024-08-03 03:00:00,61498.34,62198.22,59850.0,60697.99,28034.71567,21.847512134094757,224.37689209343807,926.2868462004664,-701.9099541070283,20.99961567022703,63852.405403482175,64326.68651887043,8698.12890045291,2607.075087999784,2584.8920085755676,-156.75425132592738,69576.65339200001,57277.63126658302,65024.878285714294,0.2492161292328037,68022.33245022646,63673.268000000004,59324.20354977355
