time,open,high,low,close,volume,rsi,macd,macd_signal,macd_diff,ADX,ema_short,ema_long,bb_width,volatility,atr,cci,parabolic_sar,vwap,wma,trix,bb_upper,bb_middle,bb_lower
2025-04-03 03:00:00,82516.28,83998.02,81211.24,83213.09,27337.84135,44.45472113710253,-1062.2601418777483,-1095.0204783403797,32.76033646263113,19.67757978920923,83664.93780187197,85030.06690708539,4147.440034843574,2090.124876925429,3420.291544661224,-70.7424175606242,88765.43,94480.97569040554,84188.86257142857,-0.1747042081250131,85239.26401742178,83165.544,81091.82398257821
