time,open,high,low,close,volume,rsi,macd,macd_signal,macd_diff,adx,ema_short,ema_long,bb_width,volatility,atr,cci,parabolic_sar,vwap,wma,trix,bb_upper,bb_middle,bb_lower
2024-10-21 03:00:00,69032.0,69519.52,66840.67,67377.5,31374.42184,58.72785237639419,1735.2867442841743,1293.2175445356781,442.0691997484962,21.37494275055216,67392.26739600085,64752.71797142953,2549.787986743235,2119.663467912274,1976.8922709742396,43.946659482759195,62561.71194100757,57826.311068173134,66702.3498095238,0.28710808888893097,69402.34799337162,68127.454,66852.56000662838
