time,open,high,low,close,volume,rsi,macd,macd_signal,macd_diff,adx,ema_short,ema_long,bb_width,volatility,atr,cci,parabolic_sar,vwap,wma,trix,bb_upper,bb_middle,bb_lower
2024-01-16 02:00:00,42511.1,43578.01,42050.0,43137.95,45045.74589,44.98075665284901,151.36126927549776,511.8874447715473,-360.5261754960495,15.905268684098122,43354.09680249548,43531.7054043203,1914.132575654905,1991.508939774306,2082.1840835624557,-55.97541255387085,48530.21482016,43136.8532231491,43908.3879047619,0.14349661084156215,43559.49028782745,42602.424,41645.35771217255
