time,open,high,low,close,volume,rsi,macd,macd_signal,macd_diff,adx,ema_short,ema_long,bb_width,volatility,atr,cci,parabolic_sar,vwap,wma,trix,bb_upper,bb_middle,bb_lower
2024-11-01 02:00:00,70292.01,71632.95,68820.14,69496.01,38301.86755,51.30434142629785,1843.1143606977712,1710.7682772217622,132.34608347600897,23.527984478509094,69933.19662878974,67451.60746797369,5263.6224976734375,2204.319155719588,2199.2085497933035,24.693709648618132,73620.12,58120.769464898214,69440.35209523808,0.3845633169973799,73598.08924883672,70966.278,68334.46675116329
