time,open,high,low,close,volume,rsi,macd,macd_signal,macd_diff,ADX,ema_short,ema_long,bb_width,volatility,atr,cci,parabolic_sar,vwap,wma,trix,bb_upper,bb_middle,bb_lower
2025-01-08 02:00:00,96954.6,97268.65,92500.9,95060.61,33704.67894,40.204490391553534,-161.3173843347904,-372.1552020965247,210.8378177617343,16.415535041705358,97237.26911949388,97278.25813727212,9417.357938669476,2792.945643156409,3773.61173837401,-72.70321817664194,92188.43856,98067.33480611537,96900.3577142857,,102875.66496933474,98166.986,93458.30703066528
