time,open,high,low,close,volume,rsi,macd,macd_signal,macd_diff,ADX,ema_short,ema_long,bb_width,volatility,atr,cci,parabolic_sar,vwap,wma,trix,bb_upper,bb_middle,bb_lower
2025-04-11 03:00:00,79607.3,84300.0,78969.58,83423.84,34435.43797,56.42944605659903,-1450.4584186065767,-1473.9066368023548,23.44821819577805,17.937267607355984,81257.0310841077,83047.3679408998,10226.98194102978,2656.9008326835947,4275.560280244607,48.048012164301866,84943.87243767802,93359.90691046653,81279.66885714287,-0.2320393730886361,85339.8949705149,80226.40400000001,75112.91302948512
