time,open,high,low,close,volume,rsi,macd,macd_signal,macd_diff,ADX,ema_short,ema_long,bb_width,volatility,atr,cci,parabolic_sar,vwap,wma,trix,bb_upper,bb_middle,bb_lower
2025-06-28 03:00:00,107047.58,107577.75,106811.51,107296.79,3282.17352,64.34109294115311,389.4880523281026,162.4161613583089,227.0718909697937,14.557024062275866,106297.89000458425,105538.11363591632,1818.8284335658243,2297.366364810888,2763.103392528726,72.06673448859598,99172.8075296,95313.38289583528,105568.91257142858,0.0025585922059669,107852.41821678291,106943.004,106033.58978321707
