time,open,high,low,close,volume,rsi,macd,macd_signal,macd_diff,adx,ema_short,ema_long,bb_width,volatility,atr,cci,parabolic_sar,vwap,wma,trix,bb_upper,bb_middle,bb_lower
2024-08-17 03:00:00,58874.59,59700.0,58785.05,59491.99,7721.72931,50.680165950313096,-1181.9833788530887,-1169.5176361089186,-12.46574274417003,26.23079962599885,59111.02360694099,60605.52434481791,3999.688757122756,1292.3782609967575,3091.6472593429594,-21.318447616041787,52188.34023382264,57277.827513374425,59035.08,-0.27428005608298095,61035.48237856138,59035.638,57035.79362143862
