time,open,high,low,close,volume,rsi,macd,macd_signal,macd_diff,adx,ema_short,ema_long,bb_width,volatility,atr,cci,parabolic_sar,vwap,wma,trix,bb_upper,bb_middle,bb_lower
2024-03-25 02:00:00,67210.0,71769.54,66385.06,71280.01,235409.95755,88.8939569250175,9259.85516807263,6839.236455506293,2420.6187125663373,60.1439032889628,63494.94476407154,49211.94686032586,10748.81203156917,11421.471025643663,5252.685658589515,89.07510983562915,51369.29210194394,39668.69329452105,58953.330095238096,2.6124745336298703,73165.07201578458,67790.666,62416.25998421541
