time,open,high,low,close,volume,rsi,macd,macd_signal,macd_diff,adx,ema_short,ema_long,bb_width,volatility,atr,cci,parabolic_sar,vwap,wma,trix,bb_upper,bb_middle,bb_lower
2024-01-23 02:00:00,39568.02,40176.74,38555.0,39897.6,57956.63351,26.972397675799883,-722.0886219761087,-232.77253653996132,-489.3160854361474,20.082323109739303,41075.74365033311,42477.57802559969,3773.4534649182315,1140.6275983354706,1810.5353923225823,-169.65189975375654,46072.353871353764,42893.59008388998,41581.753523809515,-0.08332190221279012,42766.930732459114,40880.204,38993.47726754088
