time,open,high,low,close,volume,rsi,macd,macd_signal,macd_diff,adx,ema_short,ema_long,bb_width,volatility,atr,cci,parabolic_sar,vwap,wma,trix,bb_upper,bb_middle,bb_lower
2024-10-23 03:00:00,67426.01,67472.83,65260.0,66668.65,25530.2407,49.458792228904876,1572.8109698420158,1412.4378353568175,160.3731344851983,20.687128803431182,67217.68791025048,65089.91620050801,3321.4166792758915,873.7932720427875,1946.5004275237063,-122.77192961311535,64131.39343911626,57865.97248500931,67138.06876190475,0.3179735547172812,69437.13633963793,67776.42799999999,66115.71966036204
