time,open,high,low,close,volume,rsi,macd,macd_signal,macd_diff,adx,ema_short,ema_long,bb_width,volatility,atr,cci,parabolic_sar,vwap,wma,trix,bb_upper,bb_middle,bb_lower
2024-04-19 03:00:00,63470.09,65450.0,59600.01,63818.01,69774.30271,42.6689648120366,-985.8292954033168,-203.61010943049956,-782.2191859728173,22.247402931142243,64174.852447881756,66180.56540656586,3812.4472461568366,3044.503408055068,3861.1247480917195,-57.627970857360914,69539.39886171422,54152.23810871188,65088.0061904762,-0.05251254848492716,65061.99162307842,63155.768000000004,61249.544376921585
