time,open,high,low,close,volume,rsi,macd,macd_signal,macd_diff,ADX,ema_short,ema_long,bb_width,volatility,atr,cci,parabolic_sar,vwap,wma,trix,bb_upper,bb_middle,bb_lower
2025-05-18 03:00:00,103126.65,106660.0,103105.09,106454.26,21599.98726,77.72990158566715,3767.577022035533,3760.2969702692726,7.28005176626084,32.539352060790826,103911.06170861724,99076.21907031692,4850.268610283529,1079.6240280451018,2709.842725833143,199.31307864926995,100633.12331468692,93635.1680943432,103556.178,0.604478981800137,106488.40230514176,104063.268,101638.13369485825
