time,open,high,low,close,volume,rsi,macd,macd_signal,macd_diff,adx,ema_short,ema_long,bb_width,volatility,atr,cci,parabolic_sar,vwap,wma,trix,bb_upper,bb_middle,bb_lower
2024-07-06 03:00:00,56628.79,58475.0,56018.0,58230.13,21651.31558,35.68668682479982,-2117.71495978241,-1729.5001942143713,-388.21476556803873,37.69253741638015,59216.54684271343,62328.36314841201,8236.120959251362,2286.153681122462,2244.209800002503,-87.13494597961923,63310.58420800001,56731.56033549493,59986.68600000001,-0.39670599333795864,62968.65647962568,58850.596,54732.53552037432
