time,open,high,low,close,volume,rsi,macd,macd_signal,macd_diff,adx,ema_short,ema_long,bb_width,volatility,atr,cci,parabolic_sar,vwap,wma,trix,bb_upper,bb_middle,bb_lower
2024-08-24 03:00:00,64037.24,64494.5,63531.0,64157.01,15857.15616,72.62585927418127,38.60332774301787,-669.6660999439869,708.2694276870047,21.910954877220767,61671.05243032104,60887.93097475773,8149.21839548694,2254.8234217818012,2819.596254920195,166.28506646022782,54928.95858465578,57342.59589416798,60682.94933333333,-0.1843567109499358,65822.59319774348,61747.98400000001,57673.37480225654
