time,open,high,low,close,volume,rsi,macd,macd_signal,macd_diff,ADX,ema_short,ema_long,bb_width,volatility,atr,cci,parabolic_sar,vwap,wma,trix,bb_upper,bb_middle,bb_lower
2025-04-24 03:00:00,93691.07,94005.0,91660.01,93980.47,19497.06071,86.35062997596769,2047.668510499905,693.8330414902794,1353.8354690096255,19.205379810748468,90165.7147502984,86174.88538000018,14732.603113136633,4338.1778106927695,3301.814700167564,109.96321730621352,82791.8717633239,93007.34187371931,88301.42476190478,0.110830386091318,98128.30355656832,90762.002,83395.70044343169
