time,open,high,low,close,volume,rsi,macd,macd_signal,macd_diff,ADX,ema_short,ema_long,bb_width,volatility,atr,cci,parabolic_sar,vwap,wma,trix,bb_upper,bb_middle,bb_lower
2025-02-26 02:00:00,88680.39,89414.15,82256.01,84250.09,56893.54409,10.719762399545688,-2392.75836189017,-1341.017826611902,-1051.740535278268,38.67046535872044,91313.67732837994,95522.97932789694,18646.76102874434,4437.239128549843,3680.059728584041,-180.01805861192634,98782.025392,98156.5367882189,93387.0336190476,-0.2003874104427604,100781.85651437216,91458.476,82135.09548562783
