time,open,high,low,close,volume,rsi,macd,macd_signal,macd_diff,ADX,ema_short,ema_long,bb_width,volatility,atr,cci,parabolic_sar,vwap,wma,trix,bb_upper,bb_middle,bb_lower
2025-02-18 02:00:00,95780.01,96753.91,93388.09,95671.74,23368.19471,35.98839322735982,-1084.499298870287,-904.7296998689868,-179.7695990013001,31.03374912183433,96432.5100263234,97981.13338417558,3342.554571819346,846.7179145641705,3372.0979239258986,-180.6882755492552,97941.942,98939.16468984816,96581.26285714284,-0.1371048115365654,98199.27728590967,96528.0,94856.72271409033
