time,open,high,low,close,volume,rsi,macd,macd_signal,macd_diff,adx,ema_short,ema_long,bb_width,volatility,atr,cci,parabolic_sar,vwap,wma,trix,bb_upper,bb_middle,bb_lower
2024-11-18 02:00:00,89855.98,92594.0,89376.9,90464.08,46545.03448,73.56858911956586,6134.56598987359,5155.0029957671795,979.5629941064108,46.12480684551924,88515.6594361959,79777.12944035463,5273.351456947275,4874.323233246113,3456.333974236812,71.12290343583761,84103.4100615208,59729.77754167461,87176.58714285713,1.0342715318279216,92489.60572847365,89852.93000000001,87216.25427152637
