time,open,high,low,close,volume,rsi,macd,macd_signal,macd_diff,adx,ema_short,ema_long,bb_width,volatility,atr,cci,parabolic_sar,vwap,wma,trix,bb_upper,bb_middle,bb_lower
2024-08-12 03:00:00,58712.59,61800.0,56078.54,58427.35,179945.24534,39.02468698191328,1953.1451468419255,3718.3060101403194,-1765.160863298394,29.863572334710273,61172.577950507584,60348.50824897981,19165.985689777473,4451.962578242075,7018.075896190845,-58.78090838329618,70079.99,45904.9328148876,62312.87238095238,1.0056814151320674,71926.22484488874,62343.232,52760.23915511127
