time,open,high,low,close,volume,rsi,macd,macd_signal,macd_diff,adx,ema_short,ema_long,bb_width,volatility,atr,cci,parabolic_sar,vwap,wma,trix,bb_upper,bb_middle,bb_lower
2024-10-14 03:00:00,62870.02,66500.0,62457.81,66083.99,37669.95222,76.16549437557914,535.0115557920508,384.61835693369864,150.39319885835215,13.715005666804045,63247.17653227164,62348.18127141868,7360.448794168842,1569.4951498780515,2115.844315164009,190.99969045614773,58946.0,57671.238241453146,62577.682761904754,0.10276770221941767,66685.54839708442,63005.324,59325.09960291558
