time,open,high,low,close,volume,rsi,macd,macd_signal,macd_diff,ADX,ema_short,ema_long,bb_width,volatility,atr,cci,parabolic_sar,vwap,wma,trix,bb_upper,bb_middle,bb_lower
2025-01-31 02:00:00,104722.94,106012.0,101560.0,102429.56,21983.18193,46.9534021923966,1443.6997005859305,1560.7235112882872,-117.02381070235695,12.531799994370884,103153.12927826696,101447.5076067894,4848.554842334997,1235.4369238110023,4146.900084837672,-10.714725211527549,108671.1501142768,99194.85572415462,103351.88838095235,0.236724372268601,105285.0954211675,102860.818,100436.5405788325
