time,open,high,low,close,volume,rsi,macd,macd_signal,macd_diff,adx,ema_short,ema_long,bb_width,volatility,atr,cci,parabolic_sar,vwap,wma,trix,bb_upper,bb_middle,bb_lower
2024-03-09 02:00:00,68124.2,68541.1,67861.1,68313.27,19872.89743,74.09579335270836,5051.675148514434,4455.1382415263215,596.5369069881126,53.06933147688637,66027.48659595248,58994.106537315936,6658.652796143018,2824.575077390362,2919.6193936361697,98.84668366801444,60462.62687726885,47995.992867567955,64975.91857142857,1.2539446907486484,69941.06239807152,66611.736,63282.4096019285
