time,open,high,low,close,volume,rsi,macd,macd_signal,macd_diff,ADX,ema_short,ema_long,bb_width,volatility,atr,cci,parabolic_sar,vwap,wma,trix,bb_upper,bb_middle,bb_lower
2025-06-09 03:00:00,105734.01,110530.17,105318.37,110263.02,19975.37451,73.14313656575793,1103.4402314341423,1330.2374603696726,-226.79722893553023,18.895471235699635,106311.64264163504,105006.03250619998,11333.15458517251,2148.76298582928,2985.3480717619896,230.8217594443944,100494.5776,94750.42840224692,105594.59419047616,0.1873853340195122,111135.83529258626,105469.258,99802.68070741376
