time,open,high,low,close,volume,rsi,macd,macd_signal,macd_diff,adx,ema_short,ema_long,bb_width,volatility,atr,cci,parabolic_sar,vwap,wma,trix,bb_upper,bb_middle,bb_lower
2024-07-10 03:00:00,58050.0,59470.0,57157.79,57725.85,24951.73799,42.507352864054425,-2225.3208849409784,-2061.957085898025,-163.36379904295336,41.49937479473626,57919.0698603898,60911.10587918742,3591.2525522010255,2406.4256625688668,2367.4994035784953,-1.4466021615215099,61830.466254754334,56736.54183127476,58395.87428571429,-0.47896334197018986,59111.308276100506,57315.68199999999,55520.05572389948
