time,open,high,low,close,volume,rsi,macd,macd_signal,macd_diff,adx,ema_short,ema_long,bb_width,volatility,atr,cci,parabolic_sar,vwap,wma,trix,bb_upper,bb_middle,bb_lower
2024-11-21 02:00:00,94286.56,98988.0,94040.0,98317.12,69228.360477,87.38087712524151,6737.1881795965455,5801.739748748975,935.4484308475703,50.84291234112071,92581.75866839514,83055.04327397943,12225.442254745081,3168.9686855699065,3560.3099385562227,199.7588944512465,88204.11851980296,60160.87424483998,91104.33457142858,1.1453846968092798,99159.62912737255,93046.90800000001,86934.18687262747
