time,open,high,low,close,volume,rsi,macd,macd_signal,macd_diff,adx,ema_short,ema_long,bb_width,volatility,atr,cci,parabolic_sar,vwap,wma,trix,bb_upper,bb_middle,bb_lower
2024-05-27 03:00:00,68507.67,70687.56,66670.0,67765.63,158352.25614,63.70504721883747,6903.545726616547,7473.073540665467,-569.5278140489199,48.00481956222094,65983.25065773475,57701.572322049404,10285.78746784223,3017.6788554392683,5897.750046632769,86.22305531572175,72439.85521410879,43448.66474286332,66151.32114285715,2.396570856635117,70751.55373392112,65608.66,60465.766266078885
