time,open,high,low,close,volume,rsi,macd,macd_signal,macd_diff,adx,ema_short,ema_long,bb_width,volatility,atr,cci,parabolic_sar,vwap,wma,trix,bb_upper,bb_middle,bb_lower
2024-10-13 03:00:00,63206.23,63285.72,62050.0,62870.02,11909.21995,57.442992623285015,248.29353516626725,347.0200572191106,-98.72652205284334,13.125645499309774,62301.57204302885,62036.86387737023,4776.410768532995,933.2093155240253,1967.6638778689328,60.0302218366767,64152.85297048,57643.386347239735,62018.50704761906,0.09960765435362773,64303.9353842665,61915.73,59527.524615733506
