time,open,high,low,close,volume,rsi,macd,macd_signal,macd_diff,adx,ema_short,ema_long,bb_width,volatility,atr,cci,parabolic_sar,vwap,wma,trix,bb_upper,bb_middle,bb_lower
2024-05-19 03:00:00,66915.2,67700.0,65857.25,66274.01,18025.30409,62.73324246110366,506.4369666591083,-190.83799213990164,697.2749587990099,20.26113516471278,65346.00038812203,64012.30500213118,2555.647846112661,2641.415509739078,2553.0021182031587,76.87291974333193,60195.68618292074,55224.349803314486,64403.813333333324,-0.07043813038214913,67608.80792305633,66330.984,65053.16007694367
