time,open,high,low,close,volume,rsi,macd,macd_signal,macd_diff,adx,ema_short,ema_long,bb_width,volatility,atr,cci,parabolic_sar,vwap,wma,trix,bb_upper,bb_middle,bb_lower
2024-08-01 03:00:00,64628.01,65659.78,62302.0,65354.02,35542.26854,43.65560519542493,1061.6501327188744,1219.1991500720167,-157.5490173531423,22.370987177410257,66039.05960619054,64889.97355339655,4971.119522129273,1246.5529500457544,2467.4796667503624,-114.91457392251228,70079.99,57249.98165174704,66466.08352380953,0.3044311955370403,68726.47776106464,66240.918,63755.35823893537
