time,open,high,low,close,volume,rsi,macd,macd_signal,macd_diff,adx,ema_short,ema_long,bb_width,volatility,atr,cci,parabolic_sar,vwap,wma,trix,bb_upper,bb_middle,bb_lower
2024-12-12 02:00:00,101125.0,102540.0,99311.64,100004.29,29232.08745,57.77458616104909,3374.4906369113596,3905.054750205482,-530.5641132941223,40.48294929795426,99074.48976475536,95213.56711717091,7692.720733494556,1927.3738026084393,4233.011437140465,95.41229669684652,91595.20587648478,62352.7812501885,98723.2241904762,0.6360229268317299,103068.03036674728,99221.67,95375.30963325272
