time,open,high,low,close,volume,rsi,macd,macd_signal,macd_diff,adx,ema_short,ema_long,bb_width,volatility,atr,cci,parabolic_sar,vwap,wma,trix,bb_upper,bb_middle,bb_lower
2024-12-18 02:00:00,106133.74,106524.98,100000.0,100204.01,50307.99755,43.213940824504974,3460.042013868777,3665.413315364533,-205.37130149575614,40.100587788207505,102555.98783899087,98310.13492930187,9712.795577201265,3283.2186739362464,4125.92254866336,9.48081093602051,96967.73083202685,62881.01326828682,101958.40123809526,0.5554033267004365,108512.47778860063,103656.08,98799.68221139937
