time,open,high,low,close,volume,rsi,macd,macd_signal,macd_diff,ADX,ema_short,ema_long,bb_width,volatility,atr,cci,parabolic_sar,vwap,wma,trix,bb_upper,bb_middle,bb_lower
2025-03-28 03:00:00,87232.01,87515.67,83585.0,84424.38,27182.73169,41.17799698469811,-666.1300331956008,-1278.213037961358,612.0830047657571,23.40776186178088,85895.89878802146,86210.29340044415,4603.297757139982,1527.246014155805,3453.096856234065,-35.37101196456209,79153.11557459334,94894.84653565269,85725.78247619048,-0.2276298225453324,88992.96687856999,86691.318,84389.66912143001
