time,open,high,low,close,volume,rsi,macd,macd_signal,macd_diff,adx,ema_short,ema_long,bb_width,volatility,atr,cci,parabolic_sar,vwap,wma,trix,bb_upper,bb_middle,bb_lower
2024-07-04 03:00:00,60208.57,60498.19,56771.0,57050.01,54568.77276,20.528363105502393,-1825.449591468583,-1522.0074418167428,-303.4421496518403,34.71231340531064,60517.539942601645,63173.306958900204,8812.203791175794,1689.4752428697166,2086.900655624205,-211.87487518494308,63861.76,56728.75320164068,61034.249904761906,-0.3503739799533218,65419.3138955879,61013.212,56607.1101044121
