time,open,high,low,close,volume,rsi,macd,macd_signal,macd_diff,adx,ema_short,ema_long,bb_width,volatility,atr,cci,parabolic_sar,vwap,wma,trix,bb_upper,bb_middle,bb_lower
2024-07-03 03:00:00,62135.46,62285.94,59400.0,60208.58,32160.11127,32.458565271913315,-1524.2859700033441,-1446.1469044037826,-78.13906559956149,33.41058100429747,61673.38325680219,63683.58170547522,4180.498385338971,998.7475076879972,1960.7245522106818,-103.23092295851762,58915.878584319995,56726.69698392479,61718.88580952382,-0.33279478344601005,63890.79519266948,61800.545999999995,59710.29680733051
