time,open,high,low,close,volume,rsi,macd,macd_signal,macd_diff,adx,ema_short,ema_long,bb_width,volatility,atr,cci,parabolic_sar,vwap,wma,trix,bb_upper,bb_middle,bb_lower
2024-12-21 02:00:00,97805.44,99540.61,96398.39,97291.99,23483.54143,34.769541525155375,1995.2811807503458,3032.303544124589,-1037.022363374243,33.32549326826637,99632.89893207427,98140.38049514504,13388.072151426197,3364.594747429541,4363.166643372232,-89.13033190642166,107465.244,63231.456899411605,100622.57857142859,0.4568434599870187,106473.44407571311,99779.40800000001,93085.37192428691
