time,open,high,low,close,volume,rsi,macd,macd_signal,macd_diff,ADX,ema_short,ema_long,bb_width,volatility,atr,cci,parabolic_sar,vwap,wma,trix,bb_upper,bb_middle,bb_lower
2025-02-14 02:00:00,96608.13,98826.0,96252.82,97500.48,18173.02646,49.405171352691966,-992.202924683792,-733.2186280954154,-258.98429658837654,28.16468674083656,97180.9637868986,98643.56696978386,3010.5293616197305,626.3172901080933,3853.015242657376,117.04628931527448,99597.66970274772,99008.54419948354,97066.23095238097,-0.1012765179214105,98542.79068080986,97037.526,95532.26131919012
