time,open,high,low,close,volume,rsi,macd,macd_signal,macd_diff,adx,ema_short,ema_long,bb_width,volatility,atr,cci,parabolic_sar,vwap,wma,trix,bb_upper,bb_middle,bb_lower
2024-06-09 03:00:00,69310.46,69857.14,69130.24,69648.14,9890.56709,54.66700671370981,1071.3656205858715,1130.7940752911825,-59.42845470531097,21.136102754282398,69574.94775245107,68257.93370384624,3030.982371327118,1299.67709955024,2045.3300418665415,5.207250714905328,67714.08645132545,56188.55549936747,69379.29780952382,0.2629552868905932,71559.74318566357,70044.25200000001,68528.76081433645
