time,open,high,low,close,volume,rsi,macd,macd_signal,macd_diff,ADX,ema_short,ema_long,bb_width,volatility,atr,cci,parabolic_sar,vwap,wma,trix,bb_upper,bb_middle,bb_lower
2025-02-28 02:00:00,84708.57,85120.0,78258.52,84349.94,83648.03969,13.757327589141724,-3285.809079260056,-1978.7664380900787,-1307.0426411699773,43.35283877055544,88334.28724721372,93895.62842140332,11725.210053975725,5773.40158748764,3952.532776177056,-111.62218345969502,96858.3972003712,97532.31527988672,90752.51076190476,-0.2869168479768925,92570.98302698786,86708.378,80845.77297301214
