time,open,high,low,close,volume,rsi,macd,macd_signal,macd_diff,ADX,ema_short,ema_long,bb_width,volatility,atr,cci,parabolic_sar,vwap,wma,trix,bb_upper,bb_middle,bb_lower
2025-07-02 03:00:00,105681.13,109730.0,105100.19,108849.6,17691.89592,64.59821507810088,653.318586789901,406.9709864012961,246.3476003886049,12.03288119472131,107156.67703270048,106078.96328960336,4390.732980911067,1097.8902484182383,2741.0218256459007,96.98136683390052,101414.71908921943,95413.8667056022,106699.31361904764,0.0351375232194051,109661.55849045551,107466.192,105270.82550954446
