time,open,high,low,close,volume,rsi,macd,macd_signal,macd_diff,adx,ema_short,ema_long,bb_width,volatility,atr,cci,parabolic_sar,vwap,wma,trix,bb_upper,bb_middle,bb_lower
2024-01-26 02:00:00,39961.09,42246.82,39822.52,41823.51,47384.96726,57.02495508935135,-759.1175550394837,-512.563836937265,-246.55371810221868,21.724678063712904,40914.34747748428,42091.75274384901,3187.2252012055105,1073.1142278124385,1738.4911176868486,40.26183743094457,44035.1509722169,42794.42086822525,41030.89009523809,-0.18002809227944097,41860.63260060275,40267.02,38673.40739939724
