time,open,high,low,close,volume,rsi,macd,macd_signal,macd_diff,ADX,ema_short,ema_long,bb_width,volatility,atr,cci,parabolic_sar,vwap,wma,trix,bb_upper,bb_middle,bb_lower
2025-03-07 02:00:00,89931.88,91283.02,84667.03,86801.75,57980.35713,41.85059278664227,-2510.4983508061123,-2563.6490866433915,53.15073583727917,36.33810895148263,88543.1348693638,91670.75241305446,7042.544540986128,3229.673547688563,4979.327277460991,7.405505464297719,79867.02805878874,96606.56997437944,88278.70542857143,-0.400848785654173,91689.72027049308,88168.448,84647.17572950694
