time,open,high,low,close,volume,rsi,macd,macd_signal,macd_diff,ADX,ema_short,ema_long,bb_width,volatility,atr,cci,parabolic_sar,vwap,wma,trix,bb_upper,bb_middle,bb_lower
2025-01-26 02:00:00,104746.86,105500.0,102520.44,102620.0,9812.51238,49.08477748917482,1943.1180242663104,1581.1587245824503,361.9592996838599,12.195571694494031,103495.88720553643,100721.37175173474,3254.43680372418,1416.485322794908,4218.697550876897,-60.7132921773319,98748.65968391136,98932.42223650336,103394.6160952381,0.2234314663237161,105598.08840186209,103970.87,102343.6515981379
