time,open,high,low,close,volume,rsi,macd,macd_signal,macd_diff,ADX,ema_short,ema_long,bb_width,volatility,atr,cci,parabolic_sar,vwap,wma,trix,bb_upper,bb_middle,bb_lower
2025-04-08 03:00:00,79163.24,80867.99,76239.9,76322.42,35317.32063,22.425526059348183,-1927.095191671804,-1343.0022074291985,-584.0929842426056,19.64471422686821,80253.48034751455,83357.12264245187,11862.831313027653,2795.4668257582284,3819.395716427493,-125.51548349871015,87072.49972269873,93774.84328480696,81469.13904761904,-0.2058974559652922,86200.11965651382,80268.704,74337.28834348617
