time,open,high,low,close,volume,rsi,macd,macd_signal,macd_diff,ADX,ema_short,ema_long,bb_width,volatility,atr,cci,parabolic_sar,vwap,wma,trix,bb_upper,bb_middle,bb_lower
2025-02-22 02:00:00,96181.99,96980.0,95770.49,96551.01,11268.17708,47.13134064664046,-822.3446710313292,-884.1183540142072,61.77368298287797,32.354066788361536,96700.82414895388,97683.72387606405,3542.981209319405,850.9470136262602,3147.1085085705854,-26.875312632148592,91704.382912,98872.40396623248,96701.71866666668,-0.1415021125454778,98442.3106046597,96670.82,94899.32939534028
