time,open,high,low,close,volume,rsi,macd,macd_signal,macd_diff,adx,ema_short,ema_long,bb_width,volatility,atr,cci,parabolic_sar,vwap,wma,trix,bb_upper,bb_middle,bb_lower
2024-06-27 03:00:00,60864.98,62389.22,60606.63,61706.47,18344.28631,35.34021742708498,-1651.0956835887991,-1095.3262502912812,-555.7694332975179,30.400605434977017,62344.305815996944,64980.33138572848,3956.0667697173194,1822.2169845238593,2007.2791152465743,-62.814790642629205,64978.28019872509,56654.09567270034,63028.58771428571,-0.23137884193410932,63554.189384858655,61576.155999999995,59598.122615141336
