time,open,high,low,close,volume,rsi,macd,macd_signal,macd_diff,ADX,ema_short,ema_long,bb_width,volatility,atr,cci,parabolic_sar,vwap,wma,trix,bb_upper,bb_middle,bb_lower
2025-04-06 03:00:00,83537.99,83817.63,77153.83,78430.0,27942.71436,24.60363404094416,-1332.9062557134312,-1108.998350988017,-223.90790472541448,17.916597661391602,82364.03172891474,84341.6901845442,7983.222087489295,1809.753501201293,3528.081422602299,-234.11890183736668,88321.18319447999,94242.2938520489,83092.44628571428,-0.1720310784829449,86309.05904374465,82317.448,78325.83695625536
