time,open,high,low,close,volume,rsi,macd,macd_signal,macd_diff,ADX,ema_short,ema_long,bb_width,volatility,atr,cci,parabolic_sar,vwap,wma,trix,bb_upper,bb_middle,bb_lower
2025-01-15 02:00:00,96560.85,100681.94,96500.0,100497.35,30509.99179,72.13758395675895,-215.6262353154016,-525.9877655938963,310.3615302784947,15.860919187123514,96695.62892665606,96623.81755123432,9234.93747615072,2989.433770676628,3691.76468896861,148.0997036630344,100844.25810356149,97739.26160568136,96337.3025714286,-0.096426932064951,100765.34073807536,96147.872,91530.40326192464
