time,open,high,low,close,volume,rsi,macd,macd_signal,macd_diff,adx,ema_short,ema_long,bb_width,volatility,atr,cci,parabolic_sar,vwap,wma,trix,bb_upper,bb_middle,bb_lower
2024-03-18 02:00:00,68393.47,68956.0,66565.2,67609.99,55691.08088,47.47918671420625,3844.4301734197143,4609.5635114895795,-765.1333380698652,46.48004253298596,68489.36501185657,64362.72211243179,8072.916448090866,2376.024896512095,3581.812303105206,-70.21098788851583,72884.0728,50492.73849565881,69100.99876190476,1.1929185555594133,72475.03622404544,68438.57800000001,64402.119775954576
