time,open,high,low,close,volume,rsi,macd,macd_signal,macd_diff,ADX,ema_short,ema_long,bb_width,volatility,atr,cci,parabolic_sar,vwap,wma,trix,bb_upper,bb_middle,bb_lower
2025-02-03 02:00:00,97700.59,102500.01,91231.0,101328.52,75164.7385,48.460773292918056,613.0073294674658,1182.2093657793384,-569.2020363118727,16.221595072785522,101320.60532051888,101119.08905986896,9186.11472459216,2097.6144532036496,4631.368967342699,-128.09022130695791,107756.1813712814,99255.6883919126,102032.16047619047,0.1891138861594156,105956.50936229608,101363.452,96770.39463770392
