time,open,high,low,close,volume,rsi,macd,macd_signal,macd_diff,adx,ema_short,ema_long,bb_width,volatility,atr,cci,parabolic_sar,vwap,wma,trix,bb_upper,bb_middle,bb_lower
2024-06-11 03:00:00,69540.0,69590.01,66051.0,67314.24,41436.01588,30.06979646859469,780.5723059054726,1042.119185131808,-261.5468792263355,20.239852465927292,69003.21811075373,68276.37617369149,3473.6192547047394,1230.4780406717184,2084.2569748747223,-185.8179345505918,71997.02,56274.74210474275,69216.38342857144,0.2429791942371173,70770.49762735236,69033.688,67296.87837264762
