time,open,high,low,close,volume,rsi,macd,macd_signal,macd_diff,adx,ema_short,ema_long,bb_width,volatility,atr,cci,parabolic_sar,vwap,wma,trix,bb_upper,bb_middle,bb_lower
2024-06-08 03:00:00,69355.6,69582.2,69168.02,69310.46,9773.82967,50.573015563876325,1117.5400528958417,1145.65118896751,-28.111136071668398,21.4358919171315,69550.55033660143,68142.08317916676,2992.953375636833,1321.5625369710408,2146.747737394737,4.8244755069867304,67440.70771417601,56171.77456097722,69286.59752380951,0.26725247903304544,71718.66868781841,70222.192,68725.71531218158
