time,open,high,low,close,volume,rsi,macd,macd_signal,macd_diff,adx,ema_short,ema_long,bb_width,volatility,atr,cci,parabolic_sar,vwap,wma,trix,bb_upper,bb_middle,bb_lower
2024-07-17 03:00:00,65044.0,66128.63,63854.0,64087.99,29567.52954,71.48778731749903,-169.85463344812888,-1228.5419403158594,1058.6873068677305,33.52838196553162,62131.906254557645,61270.94355283052,9352.155801576271,3279.4384823771984,2490.026522318764,113.67770136529032,54772.48798048,56853.03172628867,60613.475333333336,-0.3259690577449743,67447.68790078814,62771.61,58095.532099211865
