time,open,high,low,close,volume,rsi,macd,macd_signal,macd_diff,adx,ema_short,ema_long,bb_width,volatility,atr,cci,parabolic_sar,vwap,wma,trix,bb_upper,bb_middle,bb_lower
2024-06-12 03:00:00,67314.23,69999.0,66905.0,68263.99,37175.32356,42.74725009987422,664.2787401801033,966.5510961414673,-302.2723559613639,19.22066704947651,68818.4110830653,68275.42339109984,3587.141390743258,1164.3967432288593,2156.381476669385,-104.54167778175345,71878.0996,56330.187539101564,69123.00761904762,0.22668580635266294,70608.93669537162,68815.366,67021.79530462837
