time,open,high,low,close,volume,rsi,macd,macd_signal,macd_diff,adx,ema_short,ema_long,bb_width,volatility,atr,cci,parabolic_sar,vwap,wma,trix,bb_upper,bb_middle,bb_lower
2024-08-27 03:00:00,62834.0,63212.0,58034.01,59415.0,35135.94178,37.444654547776715,176.44715263852413,-208.1028494868102,384.55000212533434,20.251546426430387,61683.537744041685,61131.207885471726,7323.395899761163,2307.1391780343774,2814.430897252066,-51.384097860200306,56985.033033289496,57368.34360982539,61411.84695238095,-0.0758671753179271,66594.34794988058,62932.65,59270.95205011942
