time,open,high,low,close,volume,rsi,macd,macd_signal,macd_diff,adx,ema_short,ema_long,bb_width,volatility,atr,cci,parabolic_sar,vwap,wma,trix,bb_upper,bb_middle,bb_lower
2024-09-13 03:00:00,58132.31,60625.0,57632.62,60498.0,29825.23333,72.43102904301082,-669.3456348935651,-1021.2625142325749,351.9168793390097,21.756880858591412,57949.5403572402,58395.541479804764,4951.761073163274,2027.233975354347,2457.7767967858963,149.96131956320608,52670.76,57372.23337574569,57217.91228571429,-0.249740648346298,60605.14253658164,58129.262,55653.381463418365
