time,open,high,low,close,volume,rsi,macd,macd_signal,macd_diff,ADX,ema_short,ema_long,bb_width,volatility,atr,cci,parabolic_sar,vwap,wma,trix,bb_upper,bb_middle,bb_lower
2025-03-26 02:00:00,87392.88,88275.0,85860.0,86909.17,18408.78485,59.62042065233224,-783.2830476686067,-1640.0869149938362,856.8038673252295,25.759371546172098,86104.53673426037,86286.37864357681,5392.460640465579,1759.7027926140456,3528.6658806028213,86.90197397060462,78335.40132659867,95012.76604493118,85479.72161904762,-0.2907712184953207,89040.88832023279,86344.658,83648.4276797672
