time,open,high,low,close,volume,rsi,macd,macd_signal,macd_diff,adx,ema_short,ema_long,bb_width,volatility,atr,cci,parabolic_sar,vwap,wma,trix,bb_upper,bb_middle,bb_lower
2024-12-01 02:00:00,96407.99,97836.0,95693.88,97185.18,16938.60452,62.28753159200643,5011.167474541129,5622.994251374686,-611.8267768335572,47.49761148247362,96124.37475640302,90281.8127332325,2849.3987191599736,2196.9413174403826,3313.0688871503085,45.167386109126554,91101.12404400001,61074.949919356346,96027.67895238094,1.0291625476913333,97936.75135957998,96512.052,95087.35264042001
