time,open,high,low,close,volume,rsi,macd,macd_signal,macd_diff,ADX,ema_short,ema_long,bb_width,volatility,atr,cci,parabolic_sar,vwap,wma,trix,bb_upper,bb_middle,bb_lower
2025-03-10 02:00:00,80734.48,84123.46,77459.91,78595.86,47633.38405,24.376306679257937,-3520.4298582300835,-2830.109288740439,-690.3205694896446,35.68539937993403,84265.82642926284,89531.34047781436,16666.135498800635,4539.65464272391,4997.212699920479,-158.01640669634648,94700.0,96163.83218289063,85719.99361904764,-0.443884479089773,92790.33174940031,84457.264,76124.19625059968
