time,open,high,low,close,volume,rsi,macd,macd_signal,macd_diff,ADX,ema_short,ema_long,bb_width,volatility,atr,cci,parabolic_sar,vwap,wma,trix,bb_upper,bb_middle,bb_lower
2025-05-01 03:00:00,94172.0,97424.02,94130.43,96489.91,21380.45343,79.95010736611768,3053.2057003279915,2427.0441731443216,626.1615271836699,28.68129036281468,94331.51930901504,89862.08185390972,3867.0756116007688,878.1412120182121,2914.3792239378968,218.0990115271494,91090.2780232731,93059.08407843388,93762.00066666667,0.4183216702507872,96669.37980580036,94735.842,92802.3041941996
