time,open,high,low,close,volume,rsi,macd,macd_signal,macd_diff,adx,ema_short,ema_long,bb_width,volatility,atr,cci,parabolic_sar,vwap,wma,trix,bb_upper,bb_middle,bb_lower
2024-11-16 02:00:00,91032.08,91779.66,90056.17,90586.92,22717.87689,76.51012586925816,6091.129608758638,4605.780668835987,1485.348939922651,43.382906496040114,87202.91788657047,77972.43024597176,6042.1253316845105,6395.398300089367,3532.1786328426924,75.73388824753745,80877.5519274213,59559.902483024765,84799.52866666668,0.9286781188645266,92475.42066584225,89454.358,86433.29533415774
