time,open,high,low,close,volume,rsi,macd,macd_signal,macd_diff,ADX,ema_short,ema_long,bb_width,volatility,atr,cci,parabolic_sar,vwap,wma,trix,bb_upper,bb_middle,bb_lower
2025-03-24 02:00:00,86082.5,88765.43,85519.09,87498.16,30115.62111,64.33916775523325,-1262.2055701430072,-2073.287793792276,811.0822236492686,29.678532551853937,85317.477527574,86137.94681086444,5680.192680370994,1656.2558512699293,3720.848062710964,162.28934639854413,77448.1245818128,95105.11552802943,84718.67685714285,-0.360646247014449,87986.78234018551,85146.68600000002,82306.58965981452
