time,open,high,low,close,volume,rsi,macd,macd_signal,macd_diff,adx,ema_short,ema_long,bb_width,volatility,atr,cci,parabolic_sar,vwap,wma,trix,bb_upper,bb_middle,bb_lower
2024-07-31 03:00:00,66188.0,66849.24,64530.0,64628.0,22625.43905,35.5771640689382,1201.9864065671718,1258.586404410302,-56.59999784313027,23.95799024117761,66267.40614158739,64851.3030161796,5179.662365373144,1231.3196159306096,2398.99502573116,-90.52887203930231,64192.8684441344,57219.2032326227,66630.80704761905,0.30862262303853266,69339.24518268657,66749.414,64159.58281731343
