time,open,high,low,close,volume,rsi,macd,macd_signal,macd_diff,ADX,ema_short,ema_long,bb_width,volatility,atr,cci,parabolic_sar,vwap,wma,trix,bb_upper,bb_middle,bb_lower
2025-06-27 03:00:00,106947.06,107735.34,106356.76,107047.59,12232.44042,62.70799542399298,277.2594813287433,105.64818861586048,171.6112927128828,15.237889735102437,105964.92333944568,105391.55727224267,2954.147457318148,2164.945146099804,2916.7082688770893,85.30454920518703,98793.65576,95306.17222441116,105272.51914285714,-0.0036066679953715,108027.50572865907,106550.432,105073.35827134093
