time,open,high,low,close,volume,rsi,macd,macd_signal,macd_diff,adx,ema_short,ema_long,bb_width,volatility,atr,cci,parabolic_sar,vwap,wma,trix,bb_upper,bb_middle,bb_lower
2024-10-21 03:00:00,69032.0,69519.52,65260.0,68021.7,159069.27886,63.20325105494115,1918.4335382803838,1627.3491775766845,291.0843607036993,19.452798318591988,64923.27451869918,62052.88032945544,10245.153309435933,4510.756142259661,6455.858024277869,120.54153240479076,49408.0,47383.64683324635,63236.98780952382,0.33983068950090994,70791.70265471797,65669.126,60546.54934528204
