time,open,high,low,close,volume,rsi,macd,macd_signal,macd_diff,adx,ema_short,ema_long,bb_width,volatility,atr,cci,parabolic_sar,vwap,wma,trix,bb_upper,bb_middle,bb_lower
2024-06-07 03:00:00,70799.06,71997.02,68420.0,69355.6,35598.45045,51.086961631042854,1194.60225482026,1152.6789729854272,41.92328183483278,21.927171100062846,69630.5804488019,68044.71844409732,3538.36323164255,1398.7935209763243,2280.0221787327946,43.28132875584025,67149.87927040001,56155.56708151865,69238.73180952382,0.2699332404812194,71891.26161582128,70122.08,68352.89838417873
