time,open,high,low,close,volume,rsi,macd,macd_signal,macd_diff,adx,ema_short,ema_long,bb_width,volatility,atr,cci,parabolic_sar,vwap,wma,trix,bb_upper,bb_middle,bb_lower
2024-10-11 03:00:00,60326.4,63417.56,60087.64,62540.0,23641.35209,56.369289007958464,114.71380117302033,413.1355798559396,-298.4217786829193,14.93744340012761,61747.37918760685,61864.20205052478,3637.980358649307,924.24043283471,2103.2901187118987,25.517699999863446,64367.546200000004,57632.55962766464,61789.68057142858,0.12280722759088489,63396.37017932466,61577.380000000005,59758.38982067535
