time,open,high,low,close,volume,rsi,macd,macd_signal,macd_diff,adx,ema_short,ema_long,bb_width,volatility,atr,cci,parabolic_sar,vwap,wma,trix,bb_upper,bb_middle,bb_lower
2024-05-25 03:00:00,68549.99,69610.0,68500.0,69290.57,12130.39418,62.230700886959156,1519.2281338425091,992.7093637593141,526.518770083195,22.44839589787916,68446.5965192727,66037.69467305912,2934.961408520292,1890.5873535214926,2647.551117621599,43.52270558663501,66312.16,55620.25792194217,68057.43428571429,0.20983652959706867,70492.51470426015,69025.034,67557.55329573985
