time,open,high,low,close,volume,rsi,macd,macd_signal,macd_diff,adx,ema_short,ema_long,bb_width,volatility,atr,cci,parabolic_sar,vwap,wma,trix,bb_upper,bb_middle,bb_lower
2024-03-20 02:00:00,61937.41,68100.0,60775.0,67840.51,90420.58592,51.9844738820518,2920.6735087283596,4027.3968588749703,-1106.7233501466108,41.80619713340375,67098.65781916933,64458.032036628276,9544.502819860929,3416.219273952621,4047.319945024387,-78.43907475587292,71516.76775743999,51015.79229082046,68120.59314285713,1.0348685976134724,70988.65340993047,66216.402,61444.15059006954
