time,open,high,low,close,volume,rsi,macd,macd_signal,macd_diff,adx,ema_short,ema_long,bb_width,volatility,atr,cci,parabolic_sar,vwap,wma,trix,bb_upper,bb_middle,bb_lower
2024-01-29 02:00:00,42031.05,43333.0,41804.88,43302.7,31542.74207,70.80319792130348,-370.3863369452811,-506.7060721765559,136.31973523127482,18.67573991942294,41890.45268581368,42182.48571751074,4302.564472378668,1241.7103012485654,1631.7468606260961,116.31511921917078,38555.0,42788.40724923634,41447.14723809524,-0.19270625080635562,43999.08023618933,41847.797999999995,39696.51576381066
