time,open,high,low,close,volume,rsi,macd,macd_signal,macd_diff,ADX,ema_short,ema_long,bb_width,volatility,atr,cci,parabolic_sar,vwap,wma,trix,bb_upper,bb_middle,bb_lower
2025-04-26 03:00:00,94638.68,95199.0,93870.69,94628.0,9415.06875,87.3067940026987,2669.570577679857,1363.929230746496,1305.6413469333609,23.492076180900803,92119.96704704284,87426.10446579898,1942.6197010136675,4635.227814077678,3134.337062899582,79.21760719718965,85835.64651048352,93021.2049462551,90324.72057142857,0.2246031810368503,95047.55385050684,94076.244,93104.93414949316
