time,open,high,low,close,volume,rsi,macd,macd_signal,macd_diff,adx,ema_short,ema_long,bb_width,volatility,atr,cci,parabolic_sar,vwap,wma,trix,bb_upper,bb_middle,bb_lower
2024-07-27 03:00:00,67908.0,69399.99,66650.0,67896.5,31710.21921,69.97363408331756,1546.9824097408055,1029.9133551500545,517.069054590751,24.93476683149634,66719.06632402932,64286.47536290051,4370.626570074215,1349.5597971243762,2453.704508892833,104.29975753941956,63456.7,57128.130714812076,66534.95828571428,0.23433089273126462,68768.6032850371,66583.29,64397.97671496288
