time,open,high,low,close,volume,rsi,macd,macd_signal,macd_diff,adx,ema_short,ema_long,bb_width,volatility,atr,cci,parabolic_sar,vwap,wma,trix,bb_upper,bb_middle,bb_lower
2024-10-12 03:00:00,62539.99,63480.0,62487.23,63206.22,10911.30116,61.66554400819395,205.96611923784803,371.7016877323214,-165.73556849447334,14.080605265272983,62112.089390705136,61967.434200484415,4446.28660744919,976.443914667337,2023.96725308962,106.36514686501712,64259.115276000004,57637.9101161534,61913.87961904761,0.1093413440829477,63996.967303724596,61773.824,59550.680696275405
