time,open,high,low,close,volume,rsi,macd,macd_signal,macd_diff,ADX,ema_short,ema_long,bb_width,volatility,atr,cci,parabolic_sar,vwap,wma,trix,bb_upper,bb_middle,bb_lower
2025-06-03 03:00:00,105858.0,106794.67,104872.5,105376.89,13259.52634,43.21518309693853,1592.3996615547949,2463.7148019790325,-871.3151404242376,20.626494814181083,105841.76954751318,104622.61176326413,2797.672584764834,1986.81982238616,2746.8236269971485,-30.314995004608743,109128.88451446284,94567.49310005546,106402.94085714288,0.3675580213132136,106489.8702923824,105091.034,103692.19770761755
