time,open,high,low,close,volume,rsi,macd,macd_signal,macd_diff,ADX,ema_short,ema_long,bb_width,volatility,atr,cci,parabolic_sar,vwap,wma,trix,bb_upper,bb_middle,bb_lower
2025-02-24 02:00:00,96258.0,96500.0,91349.26,91552.88,31550.10299,22.04726904151381,-1172.0462680952332,-930.351666332202,-241.6946017630312,34.13766349703904,95330.80858378657,97110.8856695457,8984.996201137488,1779.5850854634243,3175.8085609613727,-235.3180291489209,99475.0,98768.83370571006,95945.64771428572,-0.1478422620968154,100262.27210056876,95769.774,91277.27589943126
