time,open,high,low,close,volume,rsi,macd,macd_signal,macd_diff,ADX,ema_short,ema_long,bb_width,volatility,atr,cci,parabolic_sar,vwap,wma,trix,bb_upper,bb_middle,bb_lower
2025-03-27 02:00:00,86909.17,87756.39,85800.0,87232.01,17098.03897,61.53307048179099,-595.8212857886392,-1431.233789152797,835.4125033641578,24.11196288864325,86386.40505069528,86359.11951714783,2042.5580234033987,1779.7847232505123,3416.3604605597625,62.12969699986655,78752.60247353473,94975.20482713,85819.05228571426,-0.2555907769363668,88044.2210117017,87022.942,86001.6629882983
