time,open,high,low,close,volume,rsi,macd,macd_signal,macd_diff,adx,ema_short,ema_long,bb_width,volatility,atr,cci,parabolic_sar,vwap,wma,trix,bb_upper,bb_middle,bb_lower
2024-02-19 02:00:00,52137.68,52985.0,50521.0,51728.85,223366.16186,84.34078466239941,4902.667999136989,4029.774958517023,872.8930406199661,52.429547591727776,47155.123738309725,39955.14621962194,17344.967014462978,4172.037366142601,3523.241046303721,144.12996223984604,39318.187872,34439.36208794844,45417.32133333333,,56028.573507231486,47356.09,38683.60649276851
