time,open,high,low,close,volume,rsi,macd,macd_signal,macd_diff,ADX,ema_short,ema_long,bb_width,volatility,atr,cci,parabolic_sar,vwap,wma,trix,bb_upper,bb_middle,bb_lower
2025-02-15 02:00:00,97500.47,97972.26,97223.58,97569.66,7349.37683,49.967972295895024,-927.9848023250815,-772.1718629413486,-155.8129393837329,28.39490044614124,97278.13784017396,98560.95874133897,3076.053738681192,670.017136945449,3631.277011038991,103.82370922025284,99095.66952058287,99004.01916087024,97073.64666666668,-0.1106651482251186,98603.3208693406,97065.294,95527.2671306594
