time,open,high,low,close,volume,rsi,macd,macd_signal,macd_diff,adx,ema_short,ema_long,bb_width,volatility,atr,cci,parabolic_sar,vwap,wma,trix,bb_upper,bb_middle,bb_lower
2024-01-06 02:00:00,44145.12,44214.42,43397.05,43968.32,17835.06144,55.49481759118245,601.8659202526906,603.4699977843477,-1.6040775316571398,18.18602815828823,43745.24698527492,42961.30478264833,2697.780864470551,1054.6213696809452,1703.5667579670703,50.45759159180661,45676.496652,42506.74343683098,43499.959428571434,,45360.22443223528,44011.334,42662.44356776473
