time,open,high,low,close,volume,rsi,macd,macd_signal,macd_diff,ADX,ema_short,ema_long,bb_width,volatility,atr,cci,parabolic_sar,vwap,wma,trix,bb_upper,bb_middle,bb_lower
2025-05-06 03:00:00,94733.68,96920.65,93377.0,96834.02,16122.64513,68.4455668942243,2798.986787883361,2751.669496008102,47.31729187525889,28.807899037344463,95387.95298055728,91788.71471008632,4261.503671640268,1190.6499504837743,2659.172747132097,34.2075953458393,97808.0484,93100.78631439254,95298.23,0.4812394944458218,97848.52783582012,95717.77599999998,93587.02416417983
