time,open,high,low,close,volume,rsi,macd,macd_signal,macd_diff,adx,ema_short,ema_long,bb_width,volatility,atr,cci,parabolic_sar,vwap,wma,trix,bb_upper,bb_middle,bb_lower
2024-09-30 03:00:00,65602.01,65618.8,62856.3,63327.59,30011.08752,44.18606174229029,1569.1878886117047,1340.8069313295368,228.38095728216786,22.63562054746621,64430.14120790171,62246.66101375183,3757.2758712573414,1137.307064566351,2045.5138788415911,-39.47360039516148,66498.0,57547.87510988818,64328.255809523806,0.32859891242843076,67024.94593562867,65146.308,63267.67006437133
