time,open,high,low,close,volume,rsi,macd,macd_signal,macd_diff,adx,ema_short,ema_long,bb_width,volatility,atr,cci,parabolic_sar,vwap,wma,trix,bb_upper,bb_middle,bb_lower
2024-10-25 03:00:00,68198.27,68771.49,65596.29,66698.33,34479.71125,47.827008395653856,1458.5929819714584,1449.4377186441438,9.155263327314515,19.949180282366445,67271.7094495159,65434.35256137961,2252.787806983164,769.9843963213236,2060.3641441403392,-75.59381334740243,65260.0,57911.93913554347,67440.69038095238,0.33065126114222704,68400.14590349159,67273.75200000001,66147.35809650843
