time,open,high,low,close,volume,rsi,macd,macd_signal,macd_diff,adx,ema_short,ema_long,bb_width,volatility,atr,cci,parabolic_sar,vwap,wma,trix,bb_upper,bb_middle,bb_lower
2024-03-04 02:00:00,63113.97,69990.0,59005.0,68955.88,481870.181782,94.58727736362094,7287.89747791813,4999.391027751417,2288.506450166713,56.63168876564965,55597.59647779922,43830.385417902726,31359.82223811277,9631.21251220104,4691.321514414943,163.27359061426267,42047.1408717056,36890.13954368522,51127.313714285716,2.0229825863578266,72527.18311905638,56847.272,41167.36088094361
