time,open,high,low,close,volume,rsi,macd,macd_signal,macd_diff,ADX,ema_short,ema_long,bb_width,volatility,atr,cci,parabolic_sar,vwap,wma,trix,bb_upper,bb_middle,bb_lower
2025-03-02 02:00:00,86064.54,95000.0,85050.6,94270.0,54889.09045,63.950028112262046,-2826.324748592524,-2378.39975139583,-447.92499719669377,43.12779420648861,89392.63595155772,93368.37190936143,15304.401347280887,5273.943727137144,4300.007648846543,31.71611001767553,78258.52,97365.52866353972,90094.8441904762,-0.3497995551072603,94380.82867364044,86728.628,79076.42732635955
