time,open,high,low,close,volume,rsi,macd,macd_signal,macd_diff,adx,ema_short,ema_long,bb_width,volatility,atr,cci,parabolic_sar,vwap,wma,trix,bb_upper,bb_middle,bb_lower
2024-04-26 03:00:00,64498.33,64820.01,63297.48,63770.01,27085.19346,39.57274117159982,-698.7857230113441,-579.4081325200519,-119.37759049129215,22.36316717582469,64675.30503744613,65678.6441029585,4883.7111490925745,1558.5509660155103,3191.261656829887,-40.548833440452896,60045.95106399999,54460.002465613004,64572.295523809524,-0.15558244273588556,67600.10757454629,65158.252,62716.39642545371
