time,open,high,low,close,volume,rsi,macd,macd_signal,macd_diff,ADX,ema_short,ema_long,bb_width,volatility,atr,cci,parabolic_sar,vwap,wma,trix,bb_upper,bb_middle,bb_lower
2025-01-09 02:00:00,95060.61,95382.32,91203.67,92552.49,34544.83685,32.50890464053295,-514.3350676295668,-400.5911752031332,-113.7438924264336,16.361979589769998,96066.0743396204,96914.73751132812,12999.569981702516,2830.915026389824,3802.543042775868,-128.3135471342578,102724.38,97918.58374123856,96420.85571428572,,103533.16899085123,97033.384,90533.59900914872
