time,open,high,low,close,volume,rsi,macd,macd_signal,macd_diff,ADX,ema_short,ema_long,bb_width,volatility,atr,cci,parabolic_sar,vwap,wma,trix,bb_upper,bb_middle,bb_lower
2025-05-10 03:00:00,102971.99,104984.57,102818.76,104809.53,15324.78611,86.70060001175028,3912.549776186716,3184.958908911151,727.5908672755645,33.87026221487823,100445.82316962948,94653.51145122194,13461.25836346313,3840.127490381925,2826.5101260110328,126.56224569378762,94440.963376,93290.92952988156,98720.05447619047,0.5379953247377125,107712.15718173156,100981.528,94250.89881826844
