time,open,high,low,close,volume,rsi,macd,macd_signal,macd_diff,ADX,ema_short,ema_long,bb_width,volatility,atr,cci,parabolic_sar,vwap,wma,trix,bb_upper,bb_middle,bb_lower
2025-05-04 03:00:00,95856.42,96304.48,94151.38,94277.62,11036.38342,51.53196749790661,2925.259074181784,2730.2338626226388,195.0252115591452,29.805063005425662,94963.34752099072,91087.82198614294,4483.643832018308,1059.7442546410882,2660.846499632492,-15.637238105610193,94001.13700767302,93080.9828462811,94940.75695238097,0.475088316760225,97778.43991600914,95536.618,93294.79608399083
