time,open,high,low,close,volume,rsi,macd,macd_signal,macd_diff,adx,ema_short,ema_long,bb_width,volatility,atr,cci,parabolic_sar,vwap,wma,trix,bb_upper,bb_middle,bb_lower
2024-07-24 03:00:00,65936.0,67102.01,65111.0,65376.0,23082.56277,53.711784664607876,1333.6167910381046,623.4812359993946,710.13555503871,28.00937049909422,65799.28943473617,63480.34643072476,4112.560345057893,1461.6964867581764,2404.920474466059,-1.9553301964473062,62595.05716275485,57029.21981042196,65450.47914285715,0.1194403466897763,68886.14417252893,66829.86399999999,64773.58382747104
