time,open,high,low,close,volume,rsi,macd,macd_signal,macd_diff,ADX,ema_short,ema_long,bb_width,volatility,atr,cci,parabolic_sar,vwap,wma,trix,bb_upper,bb_middle,bb_lower
2025-02-12 02:00:00,95778.21,98119.99,94088.23,97869.99,29151.16625,50.65676917149489,-1023.73149243035,-572.4174983106595,-451.3139941196905,27.16693696076989,97229.89784337528,98916.38123537131,3007.616194980743,1570.0511880546253,4034.919038821572,-37.85123267495949,100699.8430316294,99041.37221317482,97359.99723809524,-0.0706485095407281,98301.10809749036,96797.3,95293.49190250965
