time,open,high,low,close,volume,rsi,macd,macd_signal,macd_diff,adx,ema_short,ema_long,bb_width,volatility,atr,cci,parabolic_sar,vwap,wma,trix,bb_upper,bb_middle,bb_lower
2024-06-15 03:00:00,66043.99,66478.48,65857.1,66228.25,11451.80242,30.46461174230214,42.04715090834361,594.5212371157032,-552.4740862073596,18.779466674189045,67363.03233191816,67861.0294719256,3214.5378160201144,1647.0340937039643,2058.283215831865,-106.53605393259811,71384.5725976064,56415.660331795574,68103.50447619049,0.14817468870155398,68531.96490801005,66924.696,65317.427091989935
