time,open,high,low,close,volume,rsi,macd,macd_signal,macd_diff,ADX,ema_short,ema_long,bb_width,volatility,atr,cci,parabolic_sar,vwap,wma,trix,bb_upper,bb_middle,bb_lower
2025-05-30 03:00:00,105589.75,106313.12,103621.0,103985.48,23706.49799,31.2665849816494,2531.9241299411806,3380.316659077117,-848.3925291359369,26.290771576156857,106704.47264399224,104332.3230092875,8249.20843021595,2177.4921544493964,2990.879787287647,-192.90534703991324,111312.8091697705,94465.03653007493,107499.30714285716,0.5065132386668331,111270.59821510797,107145.994,103021.38978489202
