time,open,high,low,close,volume,rsi,macd,macd_signal,macd_diff,adx,ema_short,ema_long,bb_width,volatility,atr,cci,parabolic_sar,vwap,wma,trix,bb_upper,bb_middle,bb_lower
2024-07-16 03:00:00,64724.06,65388.97,62373.24,65043.99,42530.52915,81.3699070080337,-481.7877624014727,-1493.213767032792,1011.4260046313193,35.046446975851744,61479.87833941019,61036.18968223305,11558.952314749476,3215.6143107653315,2506.595485574053,147.0311760219768,54094.840192,56829.194736482816,59929.97990476191,-0.38231692942480044,67311.30815737475,61531.83200000001,55752.35584262527
