time,open,high,low,close,volume,rsi,macd,macd_signal,macd_diff,ADX,ema_short,ema_long,bb_width,volatility,atr,cci,parabolic_sar,vwap,wma,trix,bb_upper,bb_middle,bb_lower
2025-04-28 03:00:00,93749.29,95630.0,92800.01,95011.18,22157.53351,80.22100320816655,2918.9267431874905,1900.0036076260665,1018.9231355614244,26.31204729766436,93148.2702139616,88458.55611287015,1860.6643134660555,4061.5134997184086,3021.8687940307623,60.034193997494015,88419.43777515361,93033.15437555483,91900.46266666667,0.3200478416640495,95331.85815673304,94401.526,93471.19384326696
