time,open,high,low,close,volume,rsi,macd,macd_signal,macd_diff,adx,ema_short,ema_long,bb_width,volatility,atr,cci,parabolic_sar,vwap,wma,trix,bb_upper,bb_middle,bb_lower
2024-09-04 03:00:00,57487.74,58519.0,55606.0,57970.9,35560.82146,40.26091774162167,-770.9510799088312,-491.4828795648742,-279.46820034395694,21.304276365129702,58589.748323343774,59866.31993319131,3009.764961497014,1535.684751274545,2533.42824343235,-137.12684899119046,63562.87444955136,57391.51200550974,59212.120476190474,-0.10788381978561089,59678.20448074851,58173.322,56668.43951925149
