time,open,high,low,close,volume,rsi,macd,macd_signal,macd_diff,ADX,ema_short,ema_long,bb_width,volatility,atr,cci,parabolic_sar,vwap,wma,trix,bb_upper,bb_middle,bb_lower
2025-04-18 03:00:00,84947.92,85132.08,84303.96,84474.69,6529.96315,56.12958413332072,-111.0475476363208,-631.1848001572807,520.1372525209599,12.5059451515168,83986.35954351461,83621.71364198977,1816.5961176655544,1616.5320752044518,3438.324124385463,48.41100171234479,77468.35590230554,93069.282951769,83383.35342857143,-0.1084330077623313,85246.00805883277,84337.70999999999,83429.41194116721
