time,open,high,low,close,volume,rsi,macd,macd_signal,macd_diff,ADX,ema_short,ema_long,bb_width,volatility,atr,cci,parabolic_sar,vwap,wma,trix,bb_upper,bb_middle,bb_lower
2025-01-07 02:00:00,102235.6,102724.38,96181.81,96954.61,32059.87537,47.24198166467721,36.235766115394654,-424.8646565369583,461.10042265235296,16.846323820391607,97962.82215932518,97463.06214871148,7183.578677310987,2907.8907246854897,3697.1395644027807,56.99394002144032,91749.441,98150.91635438729,97087.05314285716,,102381.48933865548,98789.7,95197.9106613445
