time,open,high,low,close,volume,rsi,macd,macd_signal,macd_diff,adx,ema_short,ema_long,bb_width,volatility,atr,cci,parabolic_sar,vwap,wma,trix,bb_upper,bb_middle,bb_lower
2024-01-18 02:00:00,42776.09,42930.0,40683.28,41327.5,43907.51641,31.32692657450481,-109.75915050959884,316.88692226168223,-426.64607277128107,15.631436692411963,42739.073201403706,43308.49868770488,2678.10822484814,1974.5319756564918,2021.980714908444,-89.91302730834605,48251.81831328166,43095.9283855702,43349.42933333333,0.08833372188847498,43636.05411242407,42297.0,40957.94588757593
