time,open,high,low,close,volume,rsi,macd,macd_signal,macd_diff,ADX,ema_short,ema_long,bb_width,volatility,atr,cci,parabolic_sar,vwap,wma,trix,bb_upper,bb_middle,bb_lower
2025-02-02 02:00:00,100635.66,101456.6,96150.0,97700.59,34619.49939,27.80488130543685,697.1669869396428,1324.5098748573064,-627.3428879176636,14.143382779799348,101317.96709402517,101101.6364815247,9932.308361112113,2240.7338985985984,4120.78119559983,-164.38062378418462,108239.77226175144,99177.86100508692,102244.5340952381,0.2080251241058473,106810.55018055606,101844.396,96878.24181944397
