time,open,high,low,close,volume,rsi,macd,macd_signal,macd_diff,adx,ema_short,ema_long,bb_width,volatility,atr,cci,parabolic_sar,vwap,wma,trix,bb_upper,bb_middle,bb_lower
2024-10-01 03:00:00,63327.6,64130.63,60164.0,60805.78,43671.48108,29.063859893233882,1218.7388017975609,1316.3933054231416,-97.65450362558067,22.005192127625545,63524.050905926284,62135.824012694,7886.142970313245,1581.4930029751165,2182.7364589243343,-164.79832549477658,66425.166,57560.639487881184,63943.91238095238,0.32848783770776746,68215.73748515661,64272.66599999999,60329.59451484337
