time,open,high,low,close,volume,rsi,macd,macd_signal,macd_diff,ADX,ema_short,ema_long,bb_width,volatility,atr,cci,parabolic_sar,vwap,wma,trix,bb_upper,bb_middle,bb_lower
2025-01-04 02:00:00,98174.17,98778.43,97514.79,98220.5,8990.05651,64.1496572348249,-561.7465684141935,-781.3992815530618,219.6527131388683,19.191200219098185,96527.67289617824,97006.88947379576,7591.051356765645,1916.3974914764729,3536.202596595916,134.21232969586802,99787.79157186812,98092.88825386966,95876.02942857143,,100104.97767838284,96309.452,92513.92632161718
