time,open,high,low,close,volume,rsi,macd,macd_signal,macd_diff,ADX,ema_short,ema_long,bb_width,volatility,atr,cci,parabolic_sar,vwap,wma,trix,bb_upper,bb_middle,bb_lower
2025-04-17 03:00:00,84030.38,85470.01,83736.26,84947.91,13728.84772,59.46505301382719,-213.4635228565894,-761.2191132875207,547.7555904309313,13.126626241143098,83823.58272468616,83550.63227882225,1995.262925294257,2782.423805450391,3639.109057030499,57.98665087053641,76892.0964918144,93082.7964600368,83103.30561904762,-0.1299218916722938,85192.40346264713,84194.772,83197.14053735287
