time,open,high,low,close,volume,rsi,macd,macd_signal,macd_diff,ADX,ema_short,ema_long,bb_width,volatility,atr,cci,parabolic_sar,vwap,wma,trix,bb_upper,bb_middle,bb_lower
2024-04-16 03:00:00,3102.0,3128.01,2986.0,3084.22,526113.855,33.70596795187733,-99.03089339481994,-59.50744920490239,-39.52344418991755,22.2061926096309,3199.568479497553,3367.792816761801,306.48077306088,238.42214484210533,231.3621714612405,-78.91510601886611,3618.2661337088,3509.227567875133,3276.3277142857146,-0.2780661234442355,3270.39238653044,3117.152,2963.91161346956
