time,open,high,low,close,volume,rsi,macd,macd_signal,macd_diff,adx,ema_short,ema_long,bb_width,volatility,atr,cci,parabolic_sar,vwap,wma,trix,bb_upper,bb_middle,bb_lower
2024-03-12 02:00:00,72078.1,73000.0,68620.82,71452.01,68783.546691,77.48597247043918,5379.789984892603,4859.32279316098,520.4671917316227,55.83883257137219,68929.91278266745,61534.38147768864,6608.830091445969,2904.5603874065137,3143.8679693216695,118.83949884311325,64038.32193823102,48910.24681360046,67794.49314285714,1.3240043763378673,73089.10504572299,69784.69,66480.27495427702
