time,open,high,low,close,volume,rsi,macd,macd_signal,macd_diff,adx,ema_short,ema_long,bb_width,volatility,atr,cci,parabolic_sar,vwap,wma,trix,bb_upper,bb_middle,bb_lower
2024-11-14 02:00:00,90375.21,91790.0,86668.21,87325.59,56729.51086,72.85599901759315,5483.664511810974,3822.6127997860767,1661.051712024897,38.60267073977452,84422.53290945862,75745.31883034184,13746.88570874458,7187.242815187154,3586.284568267264,80.97353150515889,76515.92654329544,59384.01167723686,81439.3720952381,0.7765626435025148,93807.6028543723,86934.16,80060.71714562771
