time,open,high,low,close,volume,rsi,macd,macd_signal,macd_diff,ADX,ema_short,ema_long,bb_width,volatility,atr,cci,parabolic_sar,vwap,wma,trix,bb_upper,bb_middle,bb_lower
2025-04-07 03:00:00,78430.0,81243.58,74508.0,79163.24,78387.53089,30.293019079321525,-1548.9014028906677,-1196.978961368547,-351.9224415221206,18.812658102749843,81563.83379668606,83943.34786265618,9393.972452415328,2057.3563958858854,3757.188463844992,-183.4504908254981,87874.48906670079,93935.05603594166,82430.49057142857,-0.1842989747545594,86343.82422620765,81646.83799999999,76949.85177379232
