time,open,high,low,close,volume,rsi,macd,macd_signal,macd_diff,adx,ema_short,ema_long,bb_width,volatility,atr,cci,parabolic_sar,vwap,wma,trix,bb_upper,bb_middle,bb_lower
2024-01-17 02:00:00,43137.94,43198.0,42200.69,42776.1,33266.21388,41.8388682222213,70.19242318632314,423.54844045450244,-353.3560172681793,15.321800535741213,43209.59760187161,43473.58191168028,1912.1624676410866,2047.9153759775904,2004.6930775937087,-53.14763697197834,48389.6105237568,43131.37475648352,43725.15276190476,0.11902874272327435,43557.17923382054,42601.098,41645.016766179455
