time,open,high,low,close,volume,rsi,macd,macd_signal,macd_diff,adx,ema_short,ema_long,bb_width,volatility,atr,cci,parabolic_sar,vwap,wma,trix,bb_upper,bb_middle,bb_lower
2024-12-17 02:00:00,106058.65,108353.0,105321.49,106133.74,29064.936466,77.6072970945729,3868.707063528738,3716.756140738472,151.9509227902663,41.67007027976985,103339.98045198782,98152.31200674368,8437.484001077362,3256.79227524318,3941.3796677913115,130.4597730607052,95415.19412730324,62745.176230201396,102033.24533333333,0.5677114156193166,108118.87000053868,103900.128,99681.38599946132
