time,open,high,low,close,volume,rsi,macd,macd_signal,macd_diff,adx,ema_short,ema_long,bb_width,volatility,atr,cci,parabolic_sar,vwap,wma,trix,bb_upper,bb_middle,bb_lower
2024-09-03 03:00:00,59132.12,59809.65,57415.0,57487.73,22828.18447,35.58920324901494,-713.694998113926,-421.61582947888496,-292.079168635041,20.628237553616003,58796.0310977917,60024.271594290585,3311.898921935732,2178.618408749333,2504.230416004069,-72.62276994668387,63973.611116544,57389.53756075875,59545.60742857143,-0.09328632732851196,60059.88946096787,58403.94,56747.99053903214
