time,open,high,low,close,volume,rsi,macd,macd_signal,macd_diff,adx,ema_short,ema_long,bb_width,volatility,atr,cci,parabolic_sar,vwap,wma,trix,bb_upper,bb_middle,bb_lower
2024-01-27 02:00:00,41823.51,42200.0,41394.34,42120.63,16224.41667,60.02603116456069,-642.0216066576177,-538.4553908813356,-103.56621577628209,21.11103907665041,41215.91810811321,42093.97407124524,3926.772464273352,970.1961928514727,1671.8603235663597,86.51162041082667,43487.13587499521,42790.146885310045,41117.41704761905,-0.19315919379435964,42740.92823213668,40777.542,38814.155767863325
