time,open,high,low,close,volume,rsi,macd,macd_signal,macd_diff,adx,ema_short,ema_long,bb_width,volatility,atr,cci,parabolic_sar,vwap,wma,trix,bb_upper,bb_middle,bb_lower
2024-04-06 03:00:00,67820.63,69692.0,67447.83,68896.0,20134.28919,54.11241548750771,1067.071294229434,1523.2039557123685,-456.1326614829345,17.895672163554995,68245.61813590693,67301.36611825433,5479.676318183621,1907.5165395368138,3306.420834349559,9.358941986077172,70803.07722309121,52874.150935764184,68574.14542857141,0.32092961765748174,70066.17415909181,67326.336,64586.49784090819
