time,open,high,low,close,volume,rsi,macd,macd_signal,macd_diff,ADX,ema_short,ema_long,bb_width,volatility,atr,cci,parabolic_sar,vwap,wma,trix,bb_upper,bb_middle,bb_lower
2025-04-12 03:00:00,83423.83,85905.0,82792.95,85276.9,18470.74437,61.46334155465427,-1057.944249704291,-1390.714159382742,332.7699096784511,16.852458056360977,82261.99831308078,83218.87040698442,12596.705831976346,2929.948360019016,4192.452403084279,115.21892322229276,74508.0,93322.99015499976,81740.72085714285,-0.2225618414897031,87747.48891598819,81449.13600000001,75150.78308401184
