time,open,high,low,close,volume,rsi,macd,macd_signal,macd_diff,adx,ema_short,ema_long,bb_width,volatility,atr,cci,parabolic_sar,vwap,wma,trix,bb_upper,bb_middle,bb_lower
2024-12-11 02:00:00,96593.0,101888.0,95658.24,101125.0,37753.78291,63.84702973986676,3471.6729850416014,4037.6957785290124,-566.022793487411,40.91851412672259,98764.55635300715,94814.34021026848,7641.396535944019,2060.942067548592,4310.2923169205005,68.01030173835507,91384.9245678416,62272.23650380008,98433.10266666667,0.664941726968591,103007.908267972,99187.20999999999,95366.51173202798
