time,open,high,low,close,volume,rsi,macd,macd_signal,macd_diff,adx,ema_short,ema_long,bb_width,volatility,atr,cci,parabolic_sar,vwap,wma,trix,bb_upper,bb_middle,bb_lower
2024-07-09 03:00:00,56714.61,58296.0,56289.45,58050.0,27732.20788,44.504221521112,-2292.6459766909466,-2021.1161361372865,-271.52984055366005,41.27337604328447,57983.47648051973,61176.5438691197,3619.1565236107563,2722.6717031513463,2371.752434622995,-34.646723537737664,62178.155265369096,56733.729742674645,58647.031333333325,-0.46607253595296755,58905.848261805375,57096.27,55286.69173819462
