time,open,high,low,close,volume,rsi,macd,macd_signal,macd_diff,ADX,ema_short,ema_long,bb_width,volatility,atr,cci,parabolic_sar,vwap,wma,trix,bb_upper,bb_middle,bb_lower
2025-04-23 03:00:00,93442.99,94696.05,91935.41,93691.08,27404.16808,85.90134539449448,1619.547726509831,355.3741742378729,1264.1735522719578,17.211493287823362,88894.12966706451,85524.4199950002,15381.472081082176,3784.0760674935054,3375.416600180453,169.94939588253243,81168.57473104988,93002.90930751793,87186.53485714286,0.0549074458005906,96672.04604054108,88981.31,81290.57395945891
