time,open,high,low,close,volume,rsi,macd,macd_signal,macd_diff,adx,ema_short,ema_long,bb_width,volatility,atr,cci,parabolic_sar,vwap,wma,trix,bb_upper,bb_middle,bb_lower
2024-07-22 03:00:00,68165.35,69399.99,63456.7,68249.88,177889.46168,61.15748393193667,3866.599965856869,4954.177160350717,-1087.5771944938479,33.21049768845512,64896.56699379574,60866.378722805915,18762.679739850035,4398.019587842389,6119.621501660302,48.229791271062275,53485.93,45318.843606520626,64695.652,1.3879929686138224,72549.92986992502,63168.590000000004,53787.25013007499
