time,open,high,low,close,volume,rsi,macd,macd_signal,macd_diff,adx,ema_short,ema_long,bb_width,volatility,atr,cci,parabolic_sar,vwap,wma,trix,bb_upper,bb_middle,bb_lower
2024-08-11 03:00:00,60923.51,61858.0,58286.73,58712.59,19189.84512,42.801666190330145,-1333.8878531348528,-968.6248574634842,-365.26299567136857,25.619531809931967,59584.24824969858,61561.898427043176,9510.794914155922,2834.2522967117893,3276.9233315020647,35.43664717456788,49504.677052,57249.457520236516,59462.297047619046,-0.1895651214363534,64214.24545707796,59458.848,54703.45054292204
