time,open,high,low,close,volume,rsi,macd,macd_signal,macd_diff,adx,ema_short,ema_long,bb_width,volatility,atr,cci,parabolic_sar,vwap,wma,trix,bb_upper,bb_middle,bb_lower
2024-11-29 02:00:00,95643.99,98619.99,95364.99,97460.0,27701.78231,65.47554479216689,5405.215508439214,5924.282440666658,-519.0669322274434,48.79270051747897,95558.36734471649,89148.07730497424,8031.502047648915,2368.08961573202,3559.3881768133756,39.612671017249134,90791.1,60989.710728712904,95494.08857142855,1.1036844941934303,98804.20302382446,94788.452,90772.70097617555
