time,open,high,low,close,volume,rsi,macd,macd_signal,macd_diff,adx,ema_short,ema_long,bb_width,volatility,atr,cci,parabolic_sar,vwap,wma,trix,bb_upper,bb_middle,bb_lower
2024-08-22 03:00:00,61156.03,61400.0,59724.87,60375.84,21241.20588,55.629398880197186,-680.9565712818148,-987.2484733873561,306.2919021055412,23.689138875839802,59777.45320945963,60330.363366208716,3892.190349680008,1094.3680189890226,2835.412342984368,115.5799700192632,53973.62343157778,57306.79619550331,59495.33628571428,-0.25047340472883733,61628.39917484001,59682.304000000004,57736.20882516
