time,open,high,low,close,volume,rsi,macd,macd_signal,macd_diff,adx,ema_short,ema_long,bb_width,volatility,atr,cci,parabolic_sar,vwap,wma,trix,bb_upper,bb_middle,bb_lower
2024-04-07 03:00:00,68896.0,70326.29,68824.0,69360.39,21534.74433,56.715018053863965,1076.9261811664765,1433.94840080319,-357.02221963671354,17.014603874959967,68524.3111019302,67459.7525706963,4738.2858948677895,1791.1253962916587,3177.554346181733,51.52423789291588,70550.67693416757,52934.51688637908,68638.17076190475,0.298191964328538,70474.7589474339,68105.61600000001,65736.47305256611
