time,open,high,low,close,volume,rsi,macd,macd_signal,macd_diff,adx,ema_short,ema_long,bb_width,volatility,atr,cci,parabolic_sar,vwap,wma,trix,bb_upper,bb_middle,bb_lower
2024-06-17 03:00:00,66676.86,67298.81,63178.32,63210.01,155589.33133,42.101747956852876,5819.584906012642,6898.279796206949,-1078.694890194307,43.989480391901004,65935.36918373185,59545.62245903569,8801.757013310766,2643.6389214844626,5625.883831068587,-33.32762482281765,71997.02,44188.58415972269,66079.5598095238,2.082267346473344,71562.54250665539,67161.664,62760.78549334462
