time,open,high,low,close,volume,rsi,macd,macd_signal,macd_diff,ADX,ema_short,ema_long,bb_width,volatility,atr,cci,parabolic_sar,vwap,wma,trix,bb_upper,bb_middle,bb_lower
2025-01-24 02:00:00,103910.35,107120.0,102750.0,104870.5,23609.24017,64.29415877572026,2038.4279439002275,1339.9623661001565,698.4655778000711,13.50085544753984,103468.18280984256,100214.51129196644,5158.757394541695,2021.6671067776413,4555.060887407525,87.58962190036519,96781.5960348669,98882.9948583264,102729.6399047619,0.1809408670846532,106757.64469727084,104178.266,101598.88730272914
