time,open,high,low,close,volume,rsi,macd,macd_signal,macd_diff,adx,ema_short,ema_long,bb_width,volatility,atr,cci,parabolic_sar,vwap,wma,trix,bb_upper,bb_middle,bb_lower
2024-03-18 02:00:00,68393.47,68956.0,60775.0,67209.99,409762.74414,85.86724286527323,8647.93841916907,6234.081777364709,2413.856641804361,59.375882601816805,60899.923018762056,47372.941598686346,25641.35036859181,11322.292307377023,5242.5476323271705,79.98922650321914,48313.69557039084,39076.371966271436,56277.61971428572,2.4292879018643165,76701.10918429591,63880.43400000001,51059.7588157041
