time,open,high,low,close,volume,rsi,macd,macd_signal,macd_diff,adx,ema_short,ema_long,bb_width,volatility,atr,cci,parabolic_sar,vwap,wma,trix,bb_upper,bb_middle,bb_lower
2024-12-25 02:00:00,98663.58,99569.15,97632.02,99429.6,14474.1651,54.58703960057154,950.8217405822797,1864.9600498930108,-914.1383093107311,27.51070321001476,98263.17681053915,97884.36986755815,7264.703295620013,3939.9371442283373,4205.216584531297,6.103427292124317,105170.38474189825,63445.543647120656,98920.22714285714,0.2781238751134043,100722.93364781002,97090.58200000001,93458.23035219
