time,open,high,low,close,volume,rsi,macd,macd_signal,macd_diff,adx,ema_short,ema_long,bb_width,volatility,atr,cci,parabolic_sar,vwap,wma,trix,bb_upper,bb_middle,bb_lower
2024-06-14 03:00:00,66773.01,67370.24,65078.0,66043.99,28408.18797,27.723777061723,212.90981043028296,732.639758667543,-519.72994823726,18.713350301752428,67741.29310922422,67997.09442791941,4863.046632659767,1678.4889792329607,2168.814232434317,-137.90244919723975,71647.34645584,56401.780577002566,68444.84933333333,0.17754145492994697,70018.56931632989,67587.046,65155.52268367012
