time,open,high,low,close,volume,rsi,macd,macd_signal,macd_diff,adx,ema_short,ema_long,bb_width,volatility,atr,cci,parabolic_sar,vwap,wma,trix,bb_upper,bb_middle,bb_lower
2024-10-28 02:00:00,68021.69,70270.0,67618.0,69962.21,29046.75459,71.99960285146499,1498.3682014477527,1436.0885334430518,62.27966800470085,19.970393918324504,68059.79304901452,66075.06479565953,4528.077860573976,1052.7128570151194,1995.6348814418106,152.68996399750722,66067.07759999999,57958.41725491593,67904.49885714285,0.3307620247621498,70258.69493028699,67994.656,65730.61706971301
