time,open,high,low,close,volume,rsi,macd,macd_signal,macd_diff,adx,ema_short,ema_long,bb_width,volatility,atr,cci,parabolic_sar,vwap,wma,trix,bb_upper,bb_middle,bb_lower
2024-05-13 03:00:00,61484.0,63450.0,60749.21,62940.08,32733.41839,56.86677771539257,-845.7790129734858,-972.5301263007077,126.7511133272219,20.340863544646048,62002.86277057318,62963.99850478157,3987.333348523607,1224.211448501188,2700.9144698861996,5.183076690991324,57732.724591445614,54995.93983749938,62008.94390476191,-0.24047099735070468,63818.4786742618,61824.812,59831.145325738195
