time,open,high,low,close,volume,rsi,macd,macd_signal,macd_diff,adx,ema_short,ema_long,bb_width,volatility,atr,cci,parabolic_sar,vwap,wma,trix,bb_upper,bb_middle,bb_lower
2024-07-05 03:00:00,57050.02,57546.0,53485.93,56628.79,81348.24756,19.3879800101339,-2074.202746844836,-1632.4465028223615,-441.75624402247445,36.58934733844977,59545.35245695124,62669.88257744635,10252.667612827994,2169.353875691197,2227.8413230796186,-195.85719266243933,63719.944800000005,56727.81436080727,60367.927333333326,-0.37451380440556853,64910.90180641399,59784.56799999999,54658.234193585995
