time,open,high,low,close,volume,rsi,macd,macd_signal,macd_diff,adx,ema_short,ema_long,bb_width,volatility,atr,cci,parabolic_sar,vwap,wma,trix,bb_upper,bb_middle,bb_lower
2024-10-10 03:00:00,60636.01,61321.68,58946.0,60326.39,23967.92481,29.337904439373233,64.40740537140664,487.74102452666943,-423.3336191552628,15.896795127780388,61483.17225014247,61807.88555473517,3893.57633256806,895.7987788646639,2008.9339739974296,-124.16226885500566,64478.19,57622.32137248233,61785.07228571428,0.1429170442000227,63580.15016628403,61633.362,59686.57383371597
