time,open,high,low,close,volume,rsi,macd,macd_signal,macd_diff,adx,ema_short,ema_long,bb_width,volatility,atr,cci,parabolic_sar,vwap,wma,trix,bb_upper,bb_middle,bb_lower
2024-05-04 03:00:00,62882.01,64540.0,62541.03,63892.04,24368.69282,58.226940913231914,-1249.9970977468038,-1156.4835515700297,-93.51354617677407,27.8071928024933,62213.70170853705,63874.12210709425,8525.681092476749,2184.1279074656463,3172.6899979824416,65.49697132557358,65816.3260174848,54756.131587058684,62414.14676190476,-0.2756354539557015,65237.166546238375,60974.326,56711.48545376163
