time,open,high,low,close,volume,rsi,macd,macd_signal,macd_diff,adx,ema_short,ema_long,bb_width,volatility,atr,cci,parabolic_sar,vwap,wma,trix,bb_upper,bb_middle,bb_lower
2024-04-02 03:00:00,69649.81,69674.23,64550.0,65463.99,71799.82793,33.92069846777497,1591.8562795962644,2079.568711832493,-487.7124322362288,21.64240759740566,68636.73435545895,67086.0290134771,7807.642848823489,1717.1376911482691,3444.417035551018,-260.4269359110236,71769.54,52514.11398817644,68813.68666666668,0.45206880877602296,73069.12542441173,69165.30399999999,65261.48257558824
