time,open,high,low,close,volume,rsi,macd,macd_signal,macd_diff,adx,ema_short,ema_long,bb_width,volatility,atr,cci,parabolic_sar,vwap,wma,trix,bb_upper,bb_middle,bb_lower
2024-07-20 03:00:00,66660.01,67598.0,66222.46,67139.96,14386.92434,81.33637509448018,813.2596329698936,-382.77804816429716,1196.0376811341907,30.465653137176826,64493.939201141504,62283.14254860771,5201.802642708972,3594.522482236533,2479.573159451284,104.00731128333233,57603.71225521044,56925.58123904552,63061.956666666665,-0.13290646912053708,67984.87332135448,65383.971999999994,62783.070678645505
