time,open,high,low,close,volume,rsi,macd,macd_signal,macd_diff,ADX,ema_short,ema_long,bb_width,volatility,atr,cci,parabolic_sar,vwap,wma,trix,bb_upper,bb_middle,bb_lower
2025-06-25 03:00:00,106083.0,108135.3,105808.03,107340.58,16701.15551,65.46406122162682,7.737168644714984,39.59289677949535,-31.855728134780364,16.852368326526257,105156.35927012564,105112.42909034036,9691.569504573388,2006.0927175991824,3136.954737869288,141.6005082590877,98200.0,95257.0712339777,104728.7579047619,-0.0082029231387862,109214.06275228669,104368.278,99522.4932477133
