time,open,high,low,close,volume,rsi,macd,macd_signal,macd_diff,adx,ema_short,ema_long,bb_width,volatility,atr,cci,parabolic_sar,vwap,wma,trix,bb_upper,bb_middle,bb_lower
2024-10-07 03:00:00,62819.91,64478.19,62128.0,62224.0,25966.1852,47.22801428218688,450.0602646255138,758.6634454261659,-308.6031808006521,17.385055577229462,62319.41237070807,62029.186906107156,2705.9729815764877,1865.9929370872712,2008.3265519567346,27.1516119852397,59828.11,57603.282765326774,62577.30828571429,0.21058862597624892,63341.11049078824,61988.123999999996,60635.13750921175
