time,open,high,low,close,volume,rsi,macd,macd_signal,macd_diff,adx,ema_short,ema_long,bb_width,volatility,atr,cci,parabolic_sar,vwap,wma,trix,bb_upper,bb_middle,bb_lower
2024-12-22 02:00:00,97292.0,97448.08,94250.35,95186.27,19353.83036,27.99773853776233,1469.3600454045518,2719.7148443805813,-1250.3547989760295,31.876750081041255,98521.24169905571,97913.14122628774,6390.6457562471915,3866.621296681466,4279.9211688456435,-102.29744856191991,106855.93584,63275.52487840233,99901.01180952381,0.4102216889014092,100785.2368781236,97589.914,94394.59112187641
