time,open,high,low,close,volume,rsi,macd,macd_signal,macd_diff,ADX,ema_short,ema_long,bb_width,volatility,atr,cci,parabolic_sar,vwap,wma,trix,bb_upper,bb_middle,bb_lower
2025-05-19 03:00:00,106454.27,107108.62,102000.0,105573.74,30260.03524,68.38313562900795,3725.334078194937,3753.304391854406,-27.970313659468506,32.03905123830935,104326.73128146293,99576.02837260024,5206.4555590979,1139.9745749426395,2881.183959702204,108.05197111624264,101356.3485169245,93710.8491535106,104004.38428571427,0.5999222136491638,107079.67977954895,104476.452,101873.22422045104
