time,open,high,low,close,volume,rsi,macd,macd_signal,macd_diff,adx,ema_short,ema_long,bb_width,volatility,atr,cci,parabolic_sar,vwap,wma,trix,bb_upper,bb_middle,bb_lower
2024-09-23 03:00:00,63578.76,66498.0,62538.75,65602.01,132963.29721,60.907552537595876,1144.99067188138,1742.1153100639115,-597.1246381825315,24.079151206899592,61654.02057761719,60600.22581739856,15848.671574314394,4283.134447636858,6751.1680750204305,135.9359422759921,67673.54853018932,46724.85681704161,61021.61066666666,0.42306214635035744,68021.2517871572,60096.916000000005,52172.58021284281
