time,open,high,low,close,volume,rsi,macd,macd_signal,macd_diff,adx,ema_short,ema_long,bb_width,volatility,atr,cci,parabolic_sar,vwap,wma,trix,bb_upper,bb_middle,bb_lower
2024-11-24 02:00:00,97672.4,98564.0,95734.77,97900.04,31200.97838,78.72893531558218,6976.482666466196,6384.129012504515,592.3536539616807,54.73555972784188,95753.20193822919,86272.90120047178,6470.6093494136585,3714.2538972524553,3322.130399055401,67.69708989481407,93682.65628213911,60460.93016701107,94462.50666666665,1.2282305292196176,100648.92867470681,97413.62399999998,94178.31932529315
