time,open,high,low,close,volume,rsi,macd,macd_signal,macd_diff,adx,ema_short,ema_long,bb_width,volatility,atr,cci,parabolic_sar,vwap,wma,trix,bb_upper,bb_middle,bb_lower
2024-05-10 03:00:00,63074.0,63469.13,60187.12,60799.99,36529.34025,39.704910038426966,-962.7087589534858,-1005.5674470188551,42.85868806536928,22.81569403185392,62070.37582654382,63278.11701099832,3853.5308383238153,1966.5076314732482,2947.492797163282,-40.34498177040015,57247.406046211196,54937.317282461445,62096.71666666667,-0.2501826191625676,64035.62541916191,62108.86,60182.09458083809
