time,open,high,low,close,volume,rsi,macd,macd_signal,macd_diff,ADX,ema_short,ema_long,bb_width,volatility,atr,cci,parabolic_sar,vwap,wma,trix,bb_upper,bb_middle,bb_lower
2025-04-10 03:00:00,82615.22,82753.21,78464.36,79607.3,33284.80718,43.83814244042228,-1741.6764535530235,-1479.7686913512994,-261.9077622017244,18.89320903250072,80534.76144547692,83015.99526930811,8138.898235004017,2861.7152821231184,4194.417224878808,-28.62053050410267,85609.9919549766,93445.63145866028,81075.22047619049,-0.2300408901546109,83297.08511750202,79227.63600000001,75158.186882498
