time,open,high,low,close,volume,rsi,macd,macd_signal,macd_diff,ADX,ema_short,ema_long,bb_width,volatility,atr,cci,parabolic_sar,vwap,wma,trix,bb_upper,bb_middle,bb_lower
2025-01-12 02:00:00,94599.99,95450.1,93711.19,94545.06,8606.86622,42.95725649309297,-749.672670789063,-543.8901621243576,-205.7825086647053,15.597876858681314,95222.49745577735,96424.6426215635,3561.522082920943,2799.886576131992,3473.169192776452,-51.17172161104037,102046.87008632,97803.41169549052,95901.9196190476,-0.1010694811242657,96077.61304146048,94296.852,92516.09095853951
