time,open,high,low,close,volume,rsi,macd,macd_signal,macd_diff,ADX,ema_short,ema_long,bb_width,volatility,atr,cci,parabolic_sar,vwap,wma,trix,bb_upper,bb_middle,bb_lower
2025-02-20 02:00:00,96644.37,98711.36,96415.09,98305.0,17057.39177,62.612373152285,-839.7293911945162,-911.4693397881352,71.73994859361903,31.83832831541437,96940.3562648069,97911.12809065849,3848.756973493437,964.5959808008924,3195.6241282830456,118.01797168350134,91231.0,98919.09450308424,96804.52761904764,-0.1425427325813055,98428.22448674672,96503.846,94579.46751325329
