time,open,high,low,close,volume,rsi,macd,macd_signal,macd_diff,ADX,ema_short,ema_long,bb_width,volatility,atr,cci,parabolic_sar,vwap,wma,trix,bb_upper,bb_middle,bb_lower
2025-03-06 02:00:00,90606.0,92810.64,87836.0,89931.89,34342.44902,51.195031075626055,-2455.608863513102,-2576.936770602711,121.3279070896092,37.40501833731842,89123.59649248506,92076.50261414231,11271.95738482775,3242.484262098413,4853.43014495799,83.27208558203695,79558.1918967232,96793.94726871896,88675.69019047618,-0.3986378934281083,95298.07669241387,89662.098,84026.11930758612
