time,open,high,low,close,volume,rsi,macd,macd_signal,macd_diff,adx,ema_short,ema_long,bb_width,volatility,atr,cci,parabolic_sar,vwap,wma,trix,bb_upper,bb_middle,bb_lower
2024-07-30 03:00:00,66784.68,67000.0,65302.67,66188.0,23132.25441,47.865543325510615,1437.5451210925676,1272.7364038710846,164.808717221483,24.710753976012693,66813.87485544986,64869.911600861225,3136.5030473467195,1092.6016708947943,2405.1300277104788,-54.210562270017085,63947.57171264,57201.2478102155,66887.19028571428,0.30613810771884775,68973.66352367336,67405.412,65837.16047632664
