time,open,high,low,close,volume,rsi,macd,macd_signal,macd_diff,adx,ema_short,ema_long,bb_width,volatility,atr,cci,parabolic_sar,vwap,wma,trix,bb_upper,bb_middle,bb_lower
2024-03-17 02:00:00,65300.64,68904.4,64533.0,68393.48,49742.21589,50.780810676751464,4183.904948349205,4800.846846007046,-616.9418976578409,48.73318408242477,68782.49001580877,64092.116455134426,10610.859075084241,2333.196296480855,3673.428634113299,-92.44934376858157,73417.12,50300.61677296581,69242.95904761905,1.2502043645080425,74836.49153754213,69531.062,64225.632462457885
