time,open,high,low,close,volume,rsi,macd,macd_signal,macd_diff,adx,ema_short,ema_long,bb_width,volatility,atr,cci,parabolic_sar,vwap,wma,trix,bb_upper,bb_middle,bb_lower
2024-06-28 03:00:00,61706.46,62225.31,60063.0,60427.84,24821.19255,28.26433616165116,-1765.5816827217714,-1229.3773367773792,-536.2043459443921,32.312505352644905,61865.189361997705,64630.13974067244,2524.6476825278805,1848.5572824119884,2018.3527498718188,-72.73699080736367,64189.12657487808,56665.2182134202,62545.066666666666,-0.26311276287220686,62282.045841263935,61019.721999999994,59757.398158736054
