time,open,high,low,close,volume,rsi,macd,macd_signal,macd_diff,ADX,ema_short,ema_long,bb_width,volatility,atr,cci,parabolic_sar,vwap,wma,trix,bb_upper,bb_middle,bb_lower
2025-03-04 02:00:00,86221.16,88967.52,81500.0,87281.98,55609.10706,43.66955064964743,-2970.1336237501528,-2591.9516506077985,-378.1819731423543,40.64095430840929,88270.21709775121,92392.6545263198,13787.68300514968,4280.662131050432,4857.847564566663,-34.28432159484794,78921.482608,96953.4831617934,88762.06904761905,-0.3896095488120047,94531.25350257484,87637.412,80743.57049742516
