time,open,high,low,close,volume,rsi,macd,macd_signal,macd_diff,adx,ema_short,ema_long,bb_width,volatility,atr,cci,parabolic_sar,vwap,wma,trix,bb_upper,bb_middle,bb_lower
2024-12-09 02:00:00,101109.6,101215.93,94150.05,97276.47,53949.11595,47.277467074074636,3790.8636835957877,4366.225025089727,-575.3613414939391,43.1584645718791,98439.32240534606,94096.40621899563,6420.115813416516,1837.0143717043359,4174.116414890048,-9.603585900966573,90951.400004,62033.457349671924,98013.96914285714,0.7334486581239096,102190.96190670827,98980.90400000001,95770.84609329175
