time,open,high,low,close,volume,rsi,macd,macd_signal,macd_diff,ADX,ema_short,ema_long,bb_width,volatility,atr,cci,parabolic_sar,vwap,wma,trix,bb_upper,bb_middle,bb_lower
2025-05-16 03:00:00,103763.71,104550.33,103100.49,103463.9,15683.88024,65.05094365340821,3846.809528615428,3778.8361182417393,67.97341037368824,33.308059775074135,103042.22192643062,98072.61002002472,1729.0071353093372,2174.176459706612,2763.874285581633,47.10377950550494,99416.5775489962,93553.71368162756,102567.46514285714,0.612675117650601,104390.59756765468,103526.094,102661.59043234534
