time,open,high,low,close,volume,rsi,macd,macd_signal,macd_diff,adx,ema_short,ema_long,bb_width,volatility,atr,cci,parabolic_sar,vwap,wma,trix,bb_upper,bb_middle,bb_lower
2024-09-25 03:00:00,64262.7,64817.99,62947.08,63152.01,17813.11168,61.04960223892215,1290.3535661343703,767.6421845764415,522.7113815579288,19.353408657625035,62976.19690078747,60851.87804104355,1549.9908006117912,1838.871325925126,2157.7301631167306,59.70236744321771,60096.417805977,57482.983706649684,62531.254095238095,0.17538063500105022,64311.47940030589,63536.484,62761.4885996941
