time,open,high,low,close,volume,rsi,macd,macd_signal,macd_diff,adx,ema_short,ema_long,bb_width,volatility,atr,cci,parabolic_sar,vwap,wma,trix,bb_upper,bb_middle,bb_lower
2024-06-22 03:00:00,64143.56,64546.81,63943.82,64262.01,7308.95542,21.788988758989547,-833.0109541512938,-322.8235286043118,-510.18742554698207,21.002116424469932,65127.086854242254,66673.24370358826,1630.1634770533856,997.1750884135067,1844.7509397655579,-112.8508617925031,69047.05971131993,56582.487008202406,65598.60057142857,-0.05765445412163784,65500.131738526696,64685.05,63869.96826147331
