time,open,high,low,close,volume,rsi,macd,macd_signal,macd_diff,adx,ema_short,ema_long,bb_width,volatility,atr,cci,parabolic_sar,vwap,wma,trix,bb_upper,bb_middle,bb_lower
2024-06-19 03:00:00,65175.32,65727.54,64666.0,64974.37,20060.79576,24.14896737928123,-471.5366311623802,73.10959144105391,-544.6462226034341,19.960060020084263,66162.54698783348,67287.70995762927,2804.42068152679,1368.8605446291183,1962.4941323243925,-117.08977086799804,70261.79270489294,56527.194980411434,66711.88504761906,0.03227605138410265,67314.0383407634,65911.82800000001,64509.61765923662
