time,open,high,low,close,volume,rsi,macd,macd_signal,macd_diff,adx,ema_short,ema_long,bb_width,volatility,atr,cci,parabolic_sar,vwap,wma,trix,bb_upper,bb_middle,bb_lower
2024-09-24 03:00:00,63339.99,64688.0,62700.0,64262.7,23185.04759,79.20601385547484,1286.1476990096126,636.9643391869593,649.1833598226533,18.735660270274533,62917.59253438329,60660.20037779717,1512.5999502621853,2082.3946861069326,2179.7932525872484,72.64839299781357,59339.52861160116,57473.79263006609,62263.94580952381,0.13997253127371362,64302.59197513109,63546.291999999994,62789.9920248689
