time,open,high,low,close,volume,rsi,macd,macd_signal,macd_diff,adx,ema_short,ema_long,bb_width,volatility,atr,cci,parabolic_sar,vwap,wma,trix,bb_upper,bb_middle,bb_lower
2024-04-23 03:00:00,66819.32,67183.01,65765.81,66414.0,22599.90004,57.55423442474491,-547.6910821377824,-510.09126880738415,-37.599813330398206,21.26456768072432,65418.99897765009,66087.62002557858,4369.370689009949,1644.466093681435,3376.0630388444292,123.64554554972412,59600.01,54323.99925687723,64902.77371428571,-0.1339348061640257,67571.29934450498,65386.614,63201.92865549503
