time,open,high,low,close,volume,rsi,macd,macd_signal,macd_diff,ADX,ema_short,ema_long,bb_width,volatility,atr,cci,parabolic_sar,vwap,wma,trix,bb_upper,bb_middle,bb_lower
2025-06-10 03:00:00,110263.02,110400.0,108331.03,110274.39,17071.82839,73.17645774651024,1363.5294350391778,1336.8958553035736,26.633579735604144,18.36426725481183,107302.32948122628,105411.29077495384,10146.63748812789,2624.3692911173807,2919.8924952075618,169.6177106168775,100896.001296,94801.5020831812,106204.43647619046,0.1822992871144041,112295.71874406394,107222.4,102149.08125593603
