time,open,high,low,close,volume,rsi,macd,macd_signal,macd_diff,adx,ema_short,ema_long,bb_width,volatility,atr,cci,parabolic_sar,vwap,wma,trix,bb_upper,bb_middle,bb_lower
2024-11-23 02:00:00,98892.0,98908.85,97136.0,97672.4,24757.84367,78.19814909006863,7019.055192193875,6236.040599014095,783.0145931797797,54.13851548113574,95037.58925097226,85303.97296717775,10219.724711239454,4015.304572076536,3360.0458143673554,100.42024102300796,92206.31785267389,60370.72843136796,93581.4416190476,1.2099356558838545,101405.63635561973,96295.774,91185.91164438028
