time,open,high,low,close,volume,rsi,macd,macd_signal,macd_diff,adx,ema_short,ema_long,bb_width,volatility,atr,cci,parabolic_sar,vwap,wma,trix,bb_upper,bb_middle,bb_lower
2024-04-24 03:00:00,66414.0,67070.43,63606.06,64289.59,33595.69637,42.762505809894,-607.0113969960948,-529.4752944451263,-77.53610255096851,21.468038301301714,65136.64673323757,65949.310023611,3863.4816118515955,1588.9404092966063,3382.37067892697,38.81341958529445,59751.67,54374.503903705634,64748.68019047619,-0.14137027400507013,67412.6708059258,65480.92999999999,63549.1891940742
