time,open,high,low,close,volume,rsi,macd,macd_signal,macd_diff,ADX,ema_short,ema_long,bb_width,volatility,atr,cci,parabolic_sar,vwap,wma,trix,bb_upper,bb_middle,bb_lower
2025-01-02 02:00:00,94591.78,97839.5,94392.0,96984.79,21970.48948,58.45066705515708,-1053.7323315206013,-849.1500616615551,-204.58226985904616,21.968809688139,95226.46959320578,96800.05320188533,5768.954658561794,2215.669760266535,3775.1778043360914,51.96675060011158,100875.56268885027,98090.76212510109,95223.71361904762,,97221.0433292809,94336.566,91452.08867071912
