time,open,high,low,close,volume,rsi,macd,macd_signal,macd_diff,adx,ema_short,ema_long,bb_width,volatility,atr,cci,parabolic_sar,vwap,wma,trix,bb_upper,bb_middle,bb_lower
2024-03-08 02:00:00,66823.18,69990.0,66082.66,68124.19,74261.932842,73.60902161662918,4991.483265565403,4306.004014779293,685.4792507861093,52.55842396832265,65265.55879460329,58217.50958209226,6604.061305571231,2664.014794508128,3091.8978085312597,119.52380348535738,59163.43963326006,47904.769027076865,64047.04666666666,1.223638650996575,69900.25465278562,66598.224,63296.19334721439
