time,open,high,low,close,volume,rsi,macd,macd_signal,macd_diff,adx,ema_short,ema_long,bb_width,volatility,atr,cci,parabolic_sar,vwap,wma,trix,bb_upper,bb_middle,bb_lower
2024-03-07 02:00:00,66074.04,67980.0,65551.0,66823.17,53059.8869,70.42203301295814,4861.304923829492,4134.634202082765,726.6707217467265,52.008215882177105,64312.681726137715,57391.95288059994,7677.551870975432,3197.5032489771547,3029.171486110588,116.3429863114237,58070.48848140007,47559.73242868932,62977.861238095225,1.1862548979917322,69434.95593548773,65596.18000000001,61757.404064512295
