time,open,high,low,close,volume,rsi,macd,macd_signal,macd_diff,ADX,ema_short,ema_long,bb_width,volatility,atr,cci,parabolic_sar,vwap,wma,trix,bb_upper,bb_middle,bb_lower
2025-01-23 02:00:00,103706.66,106850.0,101262.28,103910.34,53953.12031,60.64806193232274,1925.9026334714729,1165.3459716501386,760.556661821334,14.026369380153286,103000.74374645676,99826.51223296364,6557.115994483727,2790.301866615864,4569.296340285027,50.12600577635194,95667.99569007273,98803.3651328526,102093.94352380952,0.1524195929361813,106749.03799724187,103470.48,100191.92200275816
