time,open,high,low,close,volume,rsi,macd,macd_signal,macd_diff,adx,ema_short,ema_long,bb_width,volatility,atr,cci,parabolic_sar,vwap,wma,trix,bb_upper,bb_middle,bb_lower
2024-07-08 03:00:00,55857.81,61420.69,54260.16,60797.91,190723.74928,43.642943699045254,3630.211971641831,5586.802442601458,-1956.590470959627,36.773946712158406,62316.61465563688,59591.56586218193,14199.80879993931,4253.780708533797,6010.018191274668,-109.46851332601629,70669.4496928,44773.78343044447,63687.5161904762,1.621316798683777,68962.82639996965,61862.922,54763.01760003034
