time,open,high,low,close,volume,rsi,macd,macd_signal,macd_diff,adx,ema_short,ema_long,bb_width,volatility,atr,cci,parabolic_sar,vwap,wma,trix,bb_upper,bb_middle,bb_lower
2024-10-27 02:00:00,67092.76,68332.05,66913.73,68021.7,8653.19592,59.951402748224304,1365.4960809827317,1420.5186164418765,-55.02253545914482,19.215603487072688,67425.65406535269,65751.13602863115,2607.5926195439242,797.2292226521383,1945.1452569373346,16.36624039221971,65596.29,57928.67572375268,67581.16733333333,0.32758001954646465,68639.74030977195,67335.94399999999,66032.14769022803
