time,open,high,low,close,volume,rsi,macd,macd_signal,macd_diff,ADX,ema_short,ema_long,bb_width,volatility,atr,cci,parabolic_sar,vwap,wma,trix,bb_upper,bb_middle,bb_lower
2025-03-20 02:00:00,86845.93,87453.67,83655.23,84223.39,22090.30463,49.62104092076034,-2143.917989480644,-2716.89523158294,572.9772421022963,34.89662367301765,84207.07946986347,86377.41694372585,6146.288741702738,1499.0678364549174,4281.300448762453,110.1442761667826,76606.0,95250.46401132536,83636.77676190477,-0.4580622821784041,87146.92837085137,84073.784,81000.63962914863
