time,open,high,low,close,volume,rsi,macd,macd_signal,macd_diff,adx,ema_short,ema_long,bb_width,volatility,atr,cci,parabolic_sar,vwap,wma,trix,bb_upper,bb_middle,bb_lower
2024-08-29 03:00:00,59034.9,61166.99,58713.09,59359.01,27020.90743,38.617472456917326,-145.93780099794094,-165.40265234051833,19.46485134257739,19.876876249482955,60605.78623102345,60846.03470714751,8540.705068127281,2237.3361952055143,2759.531436916323,-69.96417664122768,58034.01,57379.49734685736,61048.33847619047,-0.054896113217472876,65242.93453406365,60972.58200000001,56702.22946593637
