time,open,high,low,close,volume,rsi,macd,macd_signal,macd_diff,adx,ema_short,ema_long,bb_width,volatility,atr,cci,parabolic_sar,vwap,wma,trix,bb_upper,bb_middle,bb_lower
2024-12-19 02:00:00,100204.01,102800.11,95700.0,97461.86,55147.398,34.68411516540738,2881.685157139538,3508.667683719534,-626.9825265799959,37.3076837525207,101282.45587924315,98244.88301166327,13823.537323447847,3257.327683946921,4338.36450947312,-109.87345140915586,108353.0,63017.9325499484,101502.5400952381,0.5297810904258522,109776.22066172393,102864.452,95952.68333827608
