time,open,high,low,close,volume,rsi,macd,macd_signal,macd_diff,adx,ema_short,ema_long,bb_width,volatility,atr,cci,parabolic_sar,vwap,wma,trix,bb_upper,bb_middle,bb_lower
2024-01-03 02:00:00,44946.91,45500.0,40750.0,42845.23,81194.55173,46.59216215467711,540.1889349734702,609.812093022086,-69.62315804861578,20.521827645650433,43300.05433546648,42656.796856179615,4406.763760511763,957.242783543188,1734.0250586534553,7.306561573273037,45879.63,42381.198173268094,43159.438095238096,,45482.49188025588,43279.11,41075.72811974412
