time,open,high,low,close,volume,rsi,macd,macd_signal,macd_diff,adx,ema_short,ema_long,bb_width,volatility,atr,cci,parabolic_sar,vwap,wma,trix,bb_upper,bb_middle,bb_lower
2024-04-11 03:00:00,70631.08,71305.89,69567.21,70006.23,31917.25595,54.14523386931354,1198.8079029148648,1302.3616530564268,-103.55375014156198,15.758502105120057,69703.7334345951,68243.04537151917,3597.541468681273,1926.4031118448177,3162.220604209091,70.41786533286222,64981.46573536,53394.70629596818,69295.85152380953,0.2565464406288749,71951.51073434064,70152.74,68353.96926565937
