time,open,high,low,close,volume,rsi,macd,macd_signal,macd_diff,adx,ema_short,ema_long,bb_width,volatility,atr,cci,parabolic_sar,vwap,wma,trix,bb_upper,bb_middle,bb_lower
2024-01-05 02:00:00,44151.1,44357.46,42450.0,44145.11,48075.25327,57.76999825335294,604.0021397262535,603.8710171672619,0.1311225589915921,18.87200354851641,43670.889313699896,42877.38684786903,2708.153344904873,1031.8407773790302,1771.735739349153,43.648950750728616,45777.0374,42490.03702431115,43404.46952380952,,45407.65667245244,44053.58,42699.503327547565
