time,open,high,low,close,volume,rsi,macd,macd_signal,macd_diff,adx,ema_short,ema_long,bb_width,volatility,atr,cci,parabolic_sar,vwap,wma,trix,bb_upper,bb_middle,bb_lower
2024-05-29 03:00:00,68398.4,68935.68,67124.65,67652.42,23159.83149,46.270119016358485,1309.6954474478698,1246.4330004174144,63.262447030455405,20.516102163043314,68384.65034398863,66701.73275167376,2596.7866796452436,1118.51136114867,2483.3465038106633,-95.14199235655488,71884.9782,55772.00256412786,68611.06304761904,0.2856531128171458,69955.48933982261,68657.09599999999,67358.70266017737
