time,open,high,low,close,volume,rsi,macd,macd_signal,macd_diff,adx,ema_short,ema_long,bb_width,volatility,atr,cci,parabolic_sar,vwap,wma,trix,bb_upper,bb_middle,bb_lower
2024-07-02 03:00:00,62900.0,63288.83,61806.28,62135.47,18573.11875,46.069686848783064,-1439.3200972240302,-1426.6121380038921,-12.707959220138036,32.815618679106436,62161.65100906959,63973.165180931486,3919.909442659846,1047.3475838722086,1889.5541331499649,84.18849229513863,58709.800191999995,56713.51303149507,62027.767523809525,-0.32499763699345185,63804.352721329924,61844.398,59884.44327867008
