time,open,high,low,close,volume,rsi,macd,macd_signal,macd_diff,adx,ema_short,ema_long,bb_width,volatility,atr,cci,parabolic_sar,vwap,wma,trix,bb_upper,bb_middle,bb_lower
2024-11-10 02:00:00,76677.46,81500.0,76492.0,80370.01,61830.100435,87.88479239384108,2991.9515899435355,2162.317810970117,829.6337789734184,27.317489709825228,75624.11080026424,70910.3460090371,6938.56694943161,4445.813649453947,2575.1224958704274,115.36386073659688,68557.72601536001,58612.17116724889,73868.63876190476,0.45981053190670096,80466.70947471581,76997.426,73528.1425252842
