time,open,high,low,close,volume,rsi,macd,macd_signal,macd_diff,adx,ema_short,ema_long,bb_width,volatility,atr,cci,parabolic_sar,vwap,wma,trix,bb_upper,bb_middle,bb_lower
2024-12-14 02:00:00,101424.24,102650.0,100609.41,101420.0,14191.70326,63.08059794642648,3333.352140904535,3705.6123561858853,-372.26021528135016,39.78477553487648,100101.44736767489,96131.98026551843,7343.892581411696,1913.1249510714479,3974.0845554935636,111.31995202192262,92453.27773576838,62455.4931721315,99560.74828571429,0.5894429287162577,103785.25429070584,100113.30799999999,96441.36170929414
