time,open,high,low,close,volume,rsi,macd,macd_signal,macd_diff,adx,ema_short,ema_long,bb_width,volatility,atr,cci,parabolic_sar,vwap,wma,trix,bb_upper,bb_middle,bb_lower
2024-01-31 02:00:00,42941.1,43745.11,42276.84,42580.0,39871.13688,57.950423234205616,-189.08506937418133,-402.78138933092964,213.6963199567483,16.425591127238413,42259.8358857702,42266.92984213933,1929.8950624152785,1409.8177190564993,1591.3255583969915,76.07799787110403,38859.831999999995,42787.45507596559,41785.8079047619,-0.16587413951658472,43560.04553120764,42595.098,41630.15046879236
