time,open,high,low,close,volume,rsi,macd,macd_signal,macd_diff,adx,ema_short,ema_long,bb_width,volatility,atr,cci,parabolic_sar,vwap,wma,trix,bb_upper,bb_middle,bb_lower
2024-07-08 03:00:00,55857.81,58236.73,54260.16,56714.62,48090.2049,33.83328286546397,-2378.2340614090353,-1953.2336759988714,-425.000385410164,40.09609452316674,57961.301974026304,61437.089191546336,3091.0243902903894,2760.373278072473,2399.8449295939945,-73.79267013943814,62540.33131809281,56729.558165084134,58890.7399047619,-0.44799481289020504,58441.78419514519,56896.272,55350.7598048548
