time,open,high,low,close,volume,rsi,macd,macd_signal,macd_diff,adx,ema_short,ema_long,bb_width,volatility,atr,cci,parabolic_sar,vwap,wma,trix,bb_upper,bb_middle,bb_lower
2024-07-28 03:00:00,67896.49,68318.43,67066.66,68249.88,10868.69394,72.01925576822461,1629.3634983241136,1149.8033837848664,479.56011453924725,24.646068727682202,67101.76974302199,64591.3526426774,4819.043771212608,1061.0334469232619,2367.8520439719155,81.80231143611294,63575.5658,57141.161867084506,66862.98314285715,0.2671465398149695,69455.5858856063,67046.064,64636.54211439369
