time,open,high,low,close,volume,rsi,macd,macd_signal,macd_diff,adx,ema_short,ema_long,bb_width,volatility,atr,cci,parabolic_sar,vwap,wma,trix,bb_upper,bb_middle,bb_lower
2024-01-19 02:00:00,41327.51,42196.86,40280.0,41659.03,48342.74559,35.75961062324038,-223.04919656184939,208.89969849697593,-431.9488950588253,16.123594701975605,42469.06240105278,43181.61648095836,2729.64954756893,1849.023063782593,2014.4720924149838,-104.07575803802075,47949.076780750394,43065.49935541856,43044.80133333333,0.056129885205485064,43647.16077378446,42282.335999999996,40917.51122621553
