time,open,high,low,close,volume,rsi,macd,macd_signal,macd_diff,adx,ema_short,ema_long,bb_width,volatility,atr,cci,parabolic_sar,vwap,wma,trix,bb_upper,bb_middle,bb_lower
2024-07-25 03:00:00,65376.01,66175.49,63456.7,65799.95,35126.42934,57.09150353227756,1315.9717144966926,761.9793316988543,553.9923827978383,26.093231030749486,65799.45457605213,63658.77747451517,4341.722475913753,1406.9359883401712,2427.339726289913,-58.335573454992634,68474.55,57062.67334409879,65710.62219047619,0.1595948703827318,68732.72323795687,66561.862,64391.00076204312
