time,open,high,low,close,volume,rsi,macd,macd_signal,macd_diff,adx,ema_short,ema_long,bb_width,volatility,atr,cci,parabolic_sar,vwap,wma,trix,bb_upper,bb_middle,bb_lower
2024-09-18 03:00:00,60313.99,61786.24,59174.8,61759.99,36087.02469,70.86059411864427,138.74031129041396,-436.5299053904529,575.2702166808668,16.66942023110946,59669.031071102894,58912.44074887699,4756.652611641781,1578.2729983566078,2396.904346178351,118.08839803812326,54316.148001470465,57403.00232144298,58911.16885714286,-0.12370265373892622,62260.92630582089,59882.6,57504.27369417911
