time,open,high,low,close,volume,rsi,macd,macd_signal,macd_diff,adx,ema_short,ema_long,bb_width,volatility,atr,cci,parabolic_sar,vwap,wma,trix,bb_upper,bb_middle,bb_lower
2024-11-12 02:00:00,88648.0,89940.0,85072.0,87952.01,97299.887911,89.42535124401252,4617.28915747031,2940.8956026066544,1676.3935548636555,33.070090285564085,81148.06295014864,73480.72091894285,21222.332664835936,7300.128393321261,3185.900978582154,143.56577697596754,71586.85114071808,59040.43152861708,77900.36904761904,0.6063760561432265,92642.61633241797,82031.45,71420.28366758203
