time,open,high,low,close,volume,rsi,macd,macd_signal,macd_diff,adx,ema_short,ema_long,bb_width,volatility,atr,cci,parabolic_sar,vwap,wma,trix,bb_upper,bb_middle,bb_lower
2024-12-29 02:00:00,95300.0,95340.0,93009.52,93738.2,13576.00578,33.83370198180165,-209.00704192760168,837.9276409052302,-1046.9346828328319,25.460762701041045,95758.20469395966,97020.31399228622,7977.769129359425,1934.2393885350214,3920.4957249791332,-101.50345932228676,103221.25392534536,63599.447948616835,96435.42266666668,0.11782318491955909,99700.57056467971,95711.686,91722.80143532029
