time,open,high,low,close,volume,rsi,macd,macd_signal,macd_diff,ADX,ema_short,ema_long,bb_width,volatility,atr,cci,parabolic_sar,vwap,wma,trix,bb_upper,bb_middle,bb_lower
2025-01-22 02:00:00,106143.82,106394.46,103339.12,103706.66,22248.69254,59.9246430159512,1852.0280353100825,975.2068061948048,876.8212291152776,14.681644058570786,102697.54499527568,99486.19325237728,6773.6240559578,3636.6751297176097,4490.956058768491,69.93197488815484,94457.56053268774,98643.28716954014,101478.0984761905,0.1218204925196173,106986.47002797892,103599.658,100212.84597202112
