time,open,high,low,close,volume,rsi,macd,macd_signal,macd_diff,adx,ema_short,ema_long,bb_width,volatility,atr,cci,parabolic_sar,vwap,wma,trix,bb_upper,bb_middle,bb_lower
2024-04-12 03:00:00,70006.22,71227.46,65086.86,67116.52,56072.86229,38.88589453712772,933.5307152245805,1228.5954654900577,-295.0647502654772,15.836511675791254,69056.93007594632,68156.38957371001,6100.044076934602,1667.7046012028532,3374.9619896227277,-80.85682782451549,72797.99,53520.918352315406,69027.97885714287,0.240502364124294,72753.9880384673,69703.966,66653.9439615327
