time,open,high,low,close,volume,rsi,macd,macd_signal,macd_diff,ADX,ema_short,ema_long,bb_width,volatility,atr,cci,parabolic_sar,vwap,wma,trix,bb_upper,bb_middle,bb_lower
2025-07-03 03:00:00,108849.59,110529.18,108530.4,109584.78,13047.08225,67.89615470277218,836.1897463764035,492.8147383963176,343.3750079800859,11.765956871910536,107763.70277452536,106348.6414980954,5495.3888924847415,1196.101383616144,2688.004552385479,209.69219201850555,102246.24718029748,95447.38689071871,107204.67876190475,0.046959699475178,110671.48444624236,107923.79,105176.09555375762
