time,open,high,low,close,volume,rsi,macd,macd_signal,macd_diff,ADX,ema_short,ema_long,bb_width,volatility,atr,cci,parabolic_sar,vwap,wma,trix,bb_upper,bb_middle,bb_lower
2025-04-14 03:00:00,83760.0,85799.99,83678.0,84591.58,28659.09348,58.01397883238408,-627.6595486824954,-1153.0879840260147,525.4284353435194,15.045594855173004,83125.26905110794,83362.88685565536,7886.025398512429,3036.901696292221,3969.833296536955,95.8003344695092,75190.5024,93204.32186251583,82306.08380952381,-0.1904010655233173,87274.93669925621,83331.924,79388.91130074378
