time,open,high,low,close,volume,rsi,macd,macd_signal,macd_diff,ADX,ema_short,ema_long,bb_width,volatility,atr,cci,parabolic_sar,vwap,wma,trix,bb_upper,bb_middle,bb_lower
2025-04-16 03:00:00,83643.99,85500.0,83111.64,84030.38,20867.24519,55.15969180756431,-389.2610254416359,-898.1580108952535,508.8969854536176,13.795052029971416,83448.80696624822,83434.1924687241,2417.418753231963,2890.5439437587447,3785.6751383405376,51.47575184922593,76279.05456576,93109.7773136976,82743.63971428572,-0.1517574215738654,85469.27937661597,84260.56999999999,83051.86062338401
