time,open,high,low,close,volume,rsi,macd,macd_signal,macd_diff,adx,ema_short,ema_long,bb_width,volatility,atr,cci,parabolic_sar,vwap,wma,trix,bb_upper,bb_middle,bb_lower
2024-01-02 02:00:00,44179.55,45879.63,44148.34,44946.91,65146.40661,72.53823118663479,614.5525492753368,627.21788253424,-12.66533325890316,21.50299219709226,43451.66244728863,42641.09409419458,4809.507483248555,954.8124069644715,1502.0269862421826,203.51622484441873,41300.0,42353.95551687617,43217.106190476195,,45528.207741624276,43123.454,40718.70025837572
