time,open,high,low,close,volume,rsi,macd,macd_signal,macd_diff,adx,ema_short,ema_long,bb_width,volatility,atr,cci,parabolic_sar,vwap,wma,trix,bb_upper,bb_middle,bb_lower
2024-08-15 03:00:00,58683.39,59849.38,56078.54,57541.06,37686.17622,37.99258768965363,-1316.3892067543638,-1138.8012923956012,-177.58791435876265,25.590205852687784,59020.513079006196,60850.295446348784,3978.8318921490136,2186.5427872906325,3300.619780066391,-87.9524140365054,51365.747649547135,57271.70535589731,58920.27285714286,-0.2570166947000521,60963.5819460745,58974.16599999999,56984.75005392548
