time,open,high,low,close,volume,rsi,macd,macd_signal,macd_diff,adx,ema_short,ema_long,bb_width,volatility,atr,cci,parabolic_sar,vwap,wma,trix,bb_upper,bb_middle,bb_lower
2024-10-16 03:00:00,67074.14,68424.0,66750.49,67620.01,29938.25544,81.23621599575667,1099.6994658974727,599.3016429991395,500.3978228983332,15.979716901600877,65057.94054940279,63089.27759221474,7880.763396873459,2571.6552442462744,2152.840302360803,139.9116659658885,59451.196800000005,57732.91172229303,63920.65533333333,0.14031707085884912,69311.25769843673,65370.876000000004,61430.494301563274
