time,open,high,low,close,volume,rsi,macd,macd_signal,macd_diff,ADX,ema_short,ema_long,bb_width,volatility,atr,cci,parabolic_sar,vwap,wma,trix,bb_upper,bb_middle,bb_lower
2025-02-10 02:00:00,96462.75,98345.0,95256.0,97430.82,20572.87537,42.98253822765295,-969.167030211902,-299.3975008708886,-669.7695293410133,25.709330135559984,97429.31172155608,99272.36221373438,1509.5022826635395,1790.9282255906646,4068.5175834853726,-38.511967162633695,101947.2098592456,99083.71150598302,97957.0458095238,-0.0248599556260655,97434.6431413318,96679.89200000002,95925.14085866824
