time,open,high,low,close,volume,rsi,macd,macd_signal,macd_diff,adx,ema_short,ema_long,bb_width,volatility,atr,cci,parabolic_sar,vwap,wma,trix,bb_upper,bb_middle,bb_lower
2024-11-04 02:00:00,68775.99,69500.0,66835.0,67850.01,29800.39187,38.06092549648907,1340.8611914362264,1614.0434474262584,-273.182255990032,20.87592805578303,69116.89076527067,67702.34246456921,3251.57184904968,1842.727854774294,2134.307286405207,-87.97203827360795,73191.98836032,58177.16950583766,69355.58142857143,0.3660290250319713,70783.53792452485,69157.75200000001,67531.96607547517
