time,open,high,low,close,volume,rsi,macd,macd_signal,macd_diff,adx,ema_short,ema_long,bb_width,volatility,atr,cci,parabolic_sar,vwap,wma,trix,bb_upper,bb_middle,bb_lower
2024-03-05 02:00:00,68245.71,69000.0,59005.0,63724.01,132696.7813,62.58681520784238,4630.742376111586,3751.981246231706,878.7611298798802,51.637909382883656,62609.78973535595,55817.016297370756,9029.483603062901,4855.4264469728305,2937.9061022347646,69.61508371344453,55506.77590296305,46972.07713851833,60854.94019047619,1.0967216395662651,68406.51580153145,63891.774,59377.03219846855
