time,open,high,low,close,volume,rsi,macd,macd_signal,macd_diff,adx,ema_short,ema_long,bb_width,volatility,atr,cci,parabolic_sar,vwap,wma,trix,bb_upper,bb_middle,bb_lower
2024-05-18 03:00:00,67024.0,67400.01,66600.0,66915.2,14441.25774,68.4350645303225,368.32337487686164,-365.15673183965407,733.4801067165157,20.34230567382128,65036.66385082937,63823.82958564211,8044.285747724003,2516.540691235835,2607.6368965264783,107.93612129287541,59564.771937957325,55197.3641861436,64012.65733333333,-0.11001069734794221,69413.822873862,65391.67999999999,61369.53712613799
