time,open,high,low,close,volume,rsi,macd,macd_signal,macd_diff,ADX,ema_short,ema_long,bb_width,volatility,atr,cci,parabolic_sar,vwap,wma,trix,bb_upper,bb_middle,bb_lower
2025-06-30 03:00:00,108356.93,108789.99,106733.33,107146.5,9754.12491,56.6698413046332,586.3054626557569,310.41501696636067,275.8904456893962,12.764904950161412,106896.11250257865,105861.98830515948,2048.6572127586114,2427.258515514263,2619.313537435483,57.13584018021948,100076.29563471104,95350.74365084608,106220.84876190477,0.0209310838536837,108383.30260637932,107358.974,106334.6453936207
