time,open,high,low,close,volume,rsi,macd,macd_signal,macd_diff,adx,ema_short,ema_long,bb_width,volatility,atr,cci,parabolic_sar,vwap,wma,trix,bb_upper,bb_middle,bb_lower
2024-09-01 03:00:00,58974.0,59076.59,57201.0,57301.86,20705.15741,26.231798718715538,-570.6998422414035,-290.48531957846154,-280.214522662942,20.329491018208774,59265.46528496302,60327.610065521585,2960.4474674749654,2646.852863886577,2529.195807910044,-90.24917870420123,64710.96356,57385.48166145893,60154.15914285714,-0.06870943971842768,60238.97373373748,58758.75,57278.52626626252
