time,open,high,low,close,volume,rsi,macd,macd_signal,macd_diff,adx,ema_short,ema_long,bb_width,volatility,atr,cci,parabolic_sar,vwap,wma,trix,bb_upper,bb_middle,bb_lower
2024-12-24 02:00:00,94881.47,99487.99,93569.02,98663.58,23674.22488,50.97098338016066,951.3822756006266,2093.4946272206935,-1142.1123516200669,29.161168445075045,97874.36908071885,97755.60068985466,5934.28296767993,4264.921628624214,4379.684783341397,-39.506592361016594,105709.461606144,63408.57963643454,99016.5142857143,0.31520589580665254,99732.89148383997,96765.75,93798.60851616003
