time,open,high,low,close,volume,rsi,macd,macd_signal,macd_diff,adx,ema_short,ema_long,bb_width,volatility,atr,cci,parabolic_sar,vwap,wma,trix,bb_upper,bb_middle,bb_lower
2024-05-09 03:00:00,61193.03,63429.03,60630.0,63074.01,30660.8061,53.57509016112294,-879.6325341932752,-1016.2821190351974,136.6495848419222,23.239100998336426,62493.837768725105,63484.62759524818,3788.7964359264734,1974.6855314711288,2921.760704637381,19.908888070886242,57078.985761439995,54907.326510092615,62302.856571428565,-0.25322533928617164,64645.66021796324,62751.262,60856.863782036766
