time,open,high,low,close,volume,rsi,macd,macd_signal,macd_diff,adx,ema_short,ema_long,bb_width,volatility,atr,cci,parabolic_sar,vwap,wma,trix,bb_upper,bb_middle,bb_lower
2024-07-22 03:00:00,68165.35,68474.55,66559.97,67532.01,21451.04303,75.93070326902534,1361.8974859727023,212.45766383386308,1149.4398221388392,29.96860122258987,65941.8445506421,63104.572408281136,5766.097065605347,2910.6072523355037,2446.518183404424,97.52270022792335,60141.93543474326,56977.420668988496,64747.75638095237,0.010428736134570706,69580.09453280267,66697.046,63813.997467197325
