time,open,high,low,close,volume,rsi,macd,macd_signal,macd_diff,adx,ema_short,ema_long,bb_width,volatility,atr,cci,parabolic_sar,vwap,wma,trix,bb_upper,bb_middle,bb_lower
2024-04-29 03:00:00,63118.62,64228.35,61765.53,63866.0,28150.22947,44.55634087680565,-831.9367146884906,-696.4429211085226,-135.49379357996804,24.156732856442222,64010.47650017259,65212.144219350164,1837.5807399932237,1214.3053096579233,2930.7759876294685,-82.64660842212703,60465.667225908284,54548.840882577206,64254.25847619048,-0.18105419809467163,64661.78036999662,63742.990000000005,62824.19963000339
