time,open,high,low,close,volume,rsi,macd,macd_signal,macd_diff,adx,ema_short,ema_long,bb_width,volatility,atr,cci,parabolic_sar,vwap,wma,trix,bb_upper,bb_middle,bb_lower
2024-12-28 02:00:00,94299.03,95733.99,94135.66,95300.0,8385.8929,39.71493186117372,79.1022579055716,1099.661311613438,-1020.5590537078665,25.622580048910443,96431.5395919462,97293.82349164339,7971.179617413756,1748.9190253068239,4042.8046269006054,-74.07997651798928,103679.11700556809,63570.55422246506,97108.15066666667,0.15830924032654445,100682.35180870688,96696.762,92711.17219129312
