time,open,high,low,close,volume,rsi,macd,macd_signal,macd_diff,adx,ema_short,ema_long,bb_width,volatility,atr,cci,parabolic_sar,vwap,wma,trix,bb_upper,bb_middle,bb_lower
2024-10-03 03:00:00,60649.27,61477.19,59828.11,60752.71,26221.43472,29.726647788572407,679.8085847039038,1125.3010063602476,-445.4924216563438,21.114852336241654,62292.19613458354,61923.87720608247,7855.614535496366,2149.5879283593536,2158.385773256186,-117.77028351991382,65804.2361984,57576.80305923103,63148.49361904762,0.29405505449554403,66155.28126774819,62227.474,58299.66673225182
