time,open,high,low,close,volume,rsi,macd,macd_signal,macd_diff,ADX,ema_short,ema_long,bb_width,volatility,atr,cci,parabolic_sar,vwap,wma,trix,bb_upper,bb_middle,bb_lower
2025-05-03 03:00:00,96887.13,96935.67,95753.01,95856.42,9723.34838,67.53243735626947,3116.7624130156764,2681.477559732853,435.2848532828239,30.318381566820825,95191.92336132097,90822.0054849882,4502.417948675546,1085.9886781460764,2699.903922681146,82.87525594366531,93146.23732643052,93078.0155866208,94841.83104761908,0.4646853354682623,97783.6669743378,95532.458,93281.24902566224
