time,open,high,low,close,volume,rsi,macd,macd_signal,macd_diff,adx,ema_short,ema_long,bb_width,volatility,atr,cci,parabolic_sar,vwap,wma,trix,bb_upper,bb_middle,bb_lower
2024-09-05 03:00:00,57970.9,58327.07,55643.65,56180.0,27806.91413,30.440635698346654,-949.8878838232631,-583.163880416552,-366.72400340671106,21.932026690106706,57987.31124250783,59582.75686140737,3837.426815570987,1100.166472538272,2544.1419403300392,-148.43561507726838,62926.32449358725,57388.30311482493,58670.181428571435,-0.12764929561436364,59533.23740778549,57614.524,55695.810592214504
