time,open,high,low,close,volume,rsi,macd,macd_signal,macd_diff,adx,ema_short,ema_long,bb_width,volatility,atr,cci,parabolic_sar,vwap,wma,trix,bb_upper,bb_middle,bb_lower
2024-09-27 03:00:00,65173.99,66498.0,64819.9,65769.95,22048.80487,76.78601391689668,1588.8028973272594,1039.4902059284761,549.3126913987833,21.60829602500235,64086.72138169296,61537.08679236848,4062.555445186299,1149.7981450606476,2190.544885544528,203.37312605731668,61749.55287275696,57519.250185255594,63506.72009523809,0.24694861492699283,66371.00572259315,64339.728,62308.45027740685
