time,open,high,low,close,volume,rsi,macd,macd_signal,macd_diff,ADX,ema_short,ema_long,bb_width,volatility,atr,cci,parabolic_sar,vwap,wma,trix,bb_upper,bb_middle,bb_lower
2025-06-14 03:00:00,106066.59,106252.0,104300.0,105414.64,8798.93969,42.376096990646445,891.0723018180288,1197.8278602988623,-306.75555848083354,17.42408053269154,106511.02534366926,105670.802143813,7662.257225002715,2710.0466900904,2870.0626266561635,-45.640692020054,102347.42195279791,94946.727336509,106506.92285714284,0.1526143153155188,111045.62261250136,107214.494,103383.36538749863
