time,open,high,low,close,volume,rsi,macd,macd_signal,macd_diff,adx,ema_short,ema_long,bb_width,volatility,atr,cci,parabolic_sar,vwap,wma,trix,bb_upper,bb_middle,bb_lower
2024-05-28 03:00:00,69436.43,69591.81,67277.91,68398.39,32622.97042,52.246292798146506,1444.4010198719334,1230.6173886598006,213.78363121213283,21.210099181165592,68628.72712531817,66622.50881431323,1741.9557104815613,1367.921626469148,2535.0631579499454,-67.8155081457561,71979.0,55736.15363565224,68681.87561904761,0.2773970680698722,69707.58785524078,68836.61,67965.63214475922
