time,open,high,low,close,volume,rsi,macd,macd_signal,macd_diff,adx,ema_short,ema_long,bb_width,volatility,atr,cci,parabolic_sar,vwap,wma,trix,bb_upper,bb_middle,bb_lower
2024-05-17 03:00:00,65235.21,67451.2,65106.38,67024.0,26292.23409,69.32605554625087,121.39797773114697,-548.526758518783,669.92473624993,19.870413553658143,64410.485134439165,63566.21538444561,8148.807066346511,2324.2631824937066,2746.6851193362077,137.4554720377601,58878.99558473622,55174.3919199354,63507.217333333334,-0.15010463379556727,68671.05953317326,64596.656,60522.25246682675
