time,open,high,low,close,volume,rsi,macd,macd_signal,macd_diff,adx,ema_short,ema_long,bb_width,volatility,atr,cci,parabolic_sar,vwap,wma,trix,bb_upper,bb_middle,bb_lower
2024-06-21 03:00:00,64869.99,65066.66,63379.35,64143.56,25993.56442,18.711915477841117,-736.9979558542109,-195.27667221756622,-541.7212836366447,20.475414598259956,65415.44580565634,66874.17984555394,3075.4069029874663,1198.7513145552712,1940.2710120552165,-144.83439654856028,69539.9040340434,56575.689223123176,65939.53752380951,-0.02835409688063019,66671.21745149374,65133.514,63595.81054850627
