time,open,high,low,close,volume,rsi,macd,macd_signal,macd_diff,adx,ema_short,ema_long,bb_width,volatility,atr,cci,parabolic_sar,vwap,wma,trix,bb_upper,bb_middle,bb_lower
2024-08-07 03:00:00,56022.0,57736.05,54558.62,55134.16,44269.37684,23.345670534646615,-1816.9693488981138,-378.6009919045388,-1438.3683569935752,27.39596331673496,58221.53014719553,61981.232371951184,9493.02487677666,4814.259879349988,3155.34007853308,-78.48706797532621,64425.1794772553,57209.43025467928,60316.29066666666,-0.02723440644781888,61553.30643838834,56806.79400000001,52060.28156161168
