time,open,high,low,close,volume,rsi,macd,macd_signal,macd_diff,adx,ema_short,ema_long,bb_width,volatility,atr,cci,parabolic_sar,vwap,wma,trix,bb_upper,bb_middle,bb_lower
2024-06-24 03:00:00,63210.01,63369.8,58402.0,60293.3,52161.35414,7.935738344422816,-1321.3836346097305,-628.1097114382542,-693.2739231714763,24.272572513223363,63559.18823051127,65936.56871785037,6483.138674073089,1883.436195877199,2034.525249083568,-208.99902776548572,68052.11064097291,56612.286164485246,64404.77514285714,-0.12544751989556974,66597.34333703654,63355.774,60114.20466296345
