time,open,high,low,close,volume,rsi,macd,macd_signal,macd_diff,adx,ema_short,ema_long,bb_width,volatility,atr,cci,parabolic_sar,vwap,wma,trix,bb_upper,bb_middle,bb_lower
2024-12-03 02:00:00,95840.61,96305.52,93578.17,95849.69,35827.32283,53.3704482654574,4425.466184807665,5237.8045999934375,-812.3384151857726,44.47183963059499,96002.4995504767,91104.81919281349,2680.5169954615994,1882.6755084731462,3299.217050655113,-20.459123083991486,91398.87113585761,61267.94847760596,96061.30714285714,0.9421621986155275,97888.9544977308,96548.696,95208.4375022692
