time,open,high,low,close,volume,rsi,macd,macd_signal,macd_diff,adx,ema_short,ema_long,bb_width,volatility,atr,cci,parabolic_sar,vwap,wma,trix,bb_upper,bb_middle,bb_lower
2024-01-14 02:00:00,42847.99,43079.0,41720.0,41732.35,28228.40894,29.40448312879785,358.9992987858568,698.5443094878934,-339.5450107020366,17.08434779449048,43731.16098221418,43652.30321757035,8087.731687640422,1846.1200962886896,2158.8461560842684,-110.01391528570187,48820.0904,43148.99121111181,44312.29123809524,0.19096189810823055,48115.10984382021,44071.244,40027.37815617979
