time,open,high,low,close,volume,rsi,macd,macd_signal,macd_diff,adx,ema_short,ema_long,bb_width,volatility,atr,cci,parabolic_sar,vwap,wma,trix,bb_upper,bb_middle,bb_lower
2024-11-02 02:00:00,69496.0,69914.37,69000.14,69374.74,10521.67243,50.32714822970447,1721.966642960906,1713.007950369591,8.958692591314957,23.332020607962647,69793.58247159231,67599.54073966802,5688.9660272550245,2024.470066921769,2107.42436766521,-3.6675578129378734,73524.1204,58130.71357110753,69511.9879047619,0.38541173982514826,73693.26701362751,70848.784,68004.30098637249
