time,open,high,low,close,volume,rsi,macd,macd_signal,macd_diff,adx,ema_short,ema_long,bb_width,volatility,atr,cci,parabolic_sar,vwap,wma,trix,bb_upper,bb_middle,bb_lower
2024-07-14 03:00:00,59204.01,61420.69,59194.01,60797.91,21178.33907,67.15468712450905,-1547.044768521875,-1940.023278989711,392.9785104678358,39.3277395407027,58814.40815895145,60367.04518262073,5076.27233517461,1403.7282216037324,2328.9490838610322,199.92425423235647,53485.93,56755.55947609384,58277.92914285714,-0.4702996775571757,61129.49016758731,58591.35400000001,56053.2178324127
