time,open,high,low,close,volume,rsi,macd,macd_signal,macd_diff,ADX,ema_short,ema_long,bb_width,volatility,atr,cci,parabolic_sar,vwap,wma,trix,bb_upper,bb_middle,bb_lower
2025-05-28 03:00:00,108938.17,109284.7,106769.43,107781.78,15633.78829,51.21297356394697,3404.0598415211134,3739.014716682222,-334.9548751611087,29.6443989418415,108284.488033764,104258.84964284432,2739.4763905348955,1715.5394255321833,2971.154487031828,-49.31148509448413,111663.65059712,94375.6254786218,108160.22142857144,0.5610666647242589,109953.90619526744,108584.168,107214.42980473254
