time,open,high,low,close,volume,rsi,macd,macd_signal,macd_diff,adx,ema_short,ema_long,bb_width,volatility,atr,cci,parabolic_sar,vwap,wma,trix,bb_upper,bb_middle,bb_lower
2024-11-19 02:00:00,90464.07,93905.51,90357.0,92310.79,43660.04682,78.00490263931802,6217.556471410746,5367.513690895894,850.042780514852,47.587979562525554,89464.44207714692,80741.25717571197,3285.487174786773,3346.0166840248044,3462.9179760770394,124.49176684343117,85386.1222529079,59841.1889302824,88336.13066666668,1.0730958318004622,92492.71358739339,90849.97,89207.22641260661
