time,open,high,low,close,volume,rsi,macd,macd_signal,macd_diff,adx,ema_short,ema_long,bb_width,volatility,atr,cci,parabolic_sar,vwap,wma,trix,bb_upper,bb_middle,bb_lower
2024-03-10 02:00:00,68313.28,69887.61,68094.75,68955.88,38404.66835,75.9080703602582,5092.527419787744,4582.616077178606,509.91134260913805,53.76948877754382,66759.58494696436,59760.39680367625,4209.35139265898,2717.8199763317652,2839.1365798050147,101.71983361740506,61605.91165199659,48175.49665992014,65830.99514285715,1.277336092973584,69762.7856963295,67658.11000000002,65553.43430367052
