time,open,high,low,close,volume,rsi,macd,macd_signal,macd_diff,adx,ema_short,ema_long,bb_width,volatility,atr,cci,parabolic_sar,vwap,wma,trix,bb_upper,bb_middle,bb_lower
2024-05-31 03:00:00,68352.17,69044.1,66670.0,67540.01,26690.32184,45.215540099806844,1115.4292862592265,1220.0113138598663,-104.58202760063978,19.51192823419139,68167.40019349361,66883.40642746167,2711.7003935505927,658.3153943993412,2468.1579548163377,-104.04918514953428,71511.76846912,55858.71802666372,68490.52323809524,0.28731013008164724,69631.7341967753,68275.884,66920.03380322471
