time,open,high,low,close,volume,rsi,macd,macd_signal,macd_diff,ADX,ema_short,ema_long,bb_width,volatility,atr,cci,parabolic_sar,vwap,wma,trix,bb_upper,bb_middle,bb_lower
2025-05-29 03:00:00,107781.78,108891.91,105322.86,105589.75,19834.70116,38.22858660966857,3006.0150900766166,3592.4147913611014,-586.3997012844848,27.86512144672972,107610.803525323,104361.22659339478,5569.058385474695,1712.6134576445734,3013.861309386697,-164.6575196056159,111562.3903851776,94420.0050279658,107945.41104761904,0.5380185022539011,110934.26519273734,108149.736,105365.20680726264
