time,open,high,low,close,volume,rsi,macd,macd_signal,macd_diff,adx,ema_short,ema_long,bb_width,volatility,atr,cci,parabolic_sar,vwap,wma,trix,bb_upper,bb_middle,bb_lower
2024-09-02 03:00:00,57301.77,59425.69,57128.0,59132.13,22895.01461,45.73219446675796,-581.0389082867769,-348.59603732012465,-232.4428709666522,20.602811353455447,59232.13146372227,60235.650060481465,2993.3745210218767,2435.7717214165314,2512.6596787736125,-62.071665588253595,64410.5650176,57389.32228047845,59958.051047619054,-0.07901888457749738,60274.883260510935,58778.195999999996,57281.50873948906
