time,open,high,low,close,volume,rsi,macd,macd_signal,macd_diff,adx,ema_short,ema_long,bb_width,volatility,atr,cci,parabolic_sar,vwap,wma,trix,bb_upper,bb_middle,bb_lower
2024-08-18 03:00:00,59491.99,60284.99,58408.92,58427.35,13634.85717,44.023046995328436,-1179.154850998093,-1171.4450790867536,-7.7097719113394305,26.194968253956624,58940.10520520574,60437.97247213961,2548.159819087872,1127.4567952990294,3004.8203122470336,-34.98981499913561,52575.12662446973,57279.38815101675,59015.67057142858,-0.2788958510434888,59877.757909543936,58603.678,57329.598090456064
