time,open,high,low,close,volume,rsi,macd,macd_signal,macd_diff,ADX,ema_short,ema_long,bb_width,volatility,atr,cci,parabolic_sar,vwap,wma,trix,bb_upper,bb_middle,bb_lower
2025-05-11 03:00:00,104809.53,104972.0,103345.06,104118.0,17987.12197,80.02482370484852,4082.483843767128,3364.463895882346,718.0199478847817,35.36329057498197,101363.86737722212,95381.5490318972,11121.305325704918,4179.8540023571895,2740.826545581673,90.88328236858958,95284.45190592,93333.19525226064,99646.81914285714,0.5619015069472478,107998.97666285244,102438.324,96877.67133714752
