time,open,high,low,close,volume,rsi,macd,macd_signal,macd_diff,adx,ema_short,ema_long,bb_width,volatility,atr,cci,parabolic_sar,vwap,wma,trix,bb_upper,bb_middle,bb_lower
2024-04-01 03:00:00,71280.0,71288.23,68062.86,69649.8,41445.32039,53.06802944225429,2030.56911871802,2201.49681989155,-170.92770117352984,21.78214952536788,69694.31580727859,67221.19893126686,2716.4474475141033,2104.1372430095416,3315.2006536703275,8.496785016690467,64163.43503786472,52349.5030416194,69139.98276190476,0.48211087554897697,71586.84972375704,70228.62599999999,68870.40227624294
