time,open,high,low,close,volume,rsi,macd,macd_signal,macd_diff,adx,ema_short,ema_long,bb_width,volatility,atr,cci,parabolic_sar,vwap,wma,trix,bb_upper,bb_middle,bb_lower
2024-10-31 02:00:00,72344.75,72700.0,69685.76,70292.01,29352.10297,57.40075092034712,1958.5864751808404,1677.68175635276,280.9047188280804,23.73902249294373,70078.92550505299,67281.24059030483,6866.0723381961,2264.6992678587944,2152.0084382389427,67.27683264284143,68578.3392,58084.02938511901,69342.37542857142,0.3775912426218767,74104.45216909805,70671.416,67238.37983090195
