time,open,high,low,close,volume,rsi,macd,macd_signal,macd_diff,adx,ema_short,ema_long,bb_width,volatility,atr,cci,parabolic_sar,vwap,wma,trix,bb_upper,bb_middle,bb_lower
2024-07-11 03:00:00,57725.85,59650.0,57050.0,57339.89,29761.05735,39.94638963230498,-2178.0023556788656,-2085.1661398541933,-92.83621582467231,41.578815695578115,57774.27489529234,60636.39696540377,3117.0281155322155,1872.9012627836946,2384.1065890371747,24.974836921406002,61496.68480456416,56738.57472406131,58123.15247619047,-0.4881495512270352,58696.148057766106,57137.634,55579.11994223389
