time,open,high,low,close,volume,rsi,macd,macd_signal,macd_diff,ADX,ema_short,ema_long,bb_width,volatility,atr,cci,parabolic_sar,vwap,wma,trix,bb_upper,bb_middle,bb_lower
2025-01-18 02:00:00,104077.47,104988.88,102277.55,104556.23,24307.82998,79.94615287612666,1114.357590196567,67.47919015622165,1046.8784000403452,15.170992205372242,100507.767515933,97983.71309901362,11731.607801656966,4306.797050338086,3759.287963434416,123.19520050582304,90143.942624,98052.752993566,98687.30485714288,-0.0149903696719933,107001.6479008285,101135.844,95270.04009917151
