time,open,high,low,close,volume,rsi,macd,macd_signal,macd_diff,ADX,ema_short,ema_long,bb_width,volatility,atr,cci,parabolic_sar,vwap,wma,trix,bb_upper,bb_middle,bb_lower
2025-01-30 02:00:00,103733.25,106457.44,103278.54,104722.94,19374.07472,62.40365015482856,1597.2582587809302,1589.9794639638765,7.278794817053722,12.585756653104028,103394.31903768927,101365.6699073552,4803.717772331962,1446.3080864202188,4123.430860594415,74.49307140533902,108893.46399416,99158.0692309652,103505.07076190476,0.2389528486062039,105300.76488616598,102898.906,100497.04711383402
