time,open,high,low,close,volume,rsi,macd,macd_signal,macd_diff,ADX,ema_short,ema_long,bb_width,volatility,atr,cci,parabolic_sar,vwap,wma,trix,bb_upper,bb_middle,bb_lower
2025-03-09 02:00:00,86222.46,86500.0,80000.0,80734.37,26115.39345,27.874925766855256,-3027.084468290006,-2657.529146368028,-369.5553219219787,35.33302999775109,86155.81523901713,90442.6305176322,14017.395200184024,3686.646849630328,4869.03290760667,-153.08147478097243,95000.0,96431.10197357013,86875.55019047619,-0.4186610390328507,93867.991600092,86859.294,79850.59639990798
