time,open,high,low,close,volume,rsi,macd,macd_signal,macd_diff,adx,ema_short,ema_long,bb_width,volatility,atr,cci,parabolic_sar,vwap,wma,trix,bb_upper,bb_middle,bb_lower
2024-04-17 03:00:00,63793.4,64499.0,59678.16,61277.37,50610.54509,26.41697232016942,-797.5718271490914,221.0805272980604,-1018.6523544471518,20.83220966321835,64568.37324067867,66619.72544242798,5605.630156276224,3560.9610045289037,3738.473198970279,-101.3523962274559,70838.45748949096,53983.00101419702,65995.36323809523,0.03801685056251963,66418.23507813811,63615.42,60812.60492186189
