time,open,high,low,close,volume,rsi,macd,macd_signal,macd_diff,ADX,ema_short,ema_long,bb_width,volatility,atr,cci,parabolic_sar,vwap,wma,trix,bb_upper,bb_middle,bb_lower
2025-03-03 02:00:00,94269.99,94416.46,85117.11,86220.61,59171.10218,40.3851796267732,-2973.431781027728,-2497.4061573222098,-476.0256237055182,41.48670095954623,88599.62946366829,92818.5440701798,14591.34656364564,4968.646486244553,4657.103531071791,1.6198615465801498,78593.3496,97138.5757667671,89312.17771428572,-0.3713491748330245,94418.40528182282,87122.732,79827.05871817718
