time,open,high,low,close,volume,rsi,macd,macd_signal,macd_diff,adx,ema_short,ema_long,bb_width,volatility,atr,cci,parabolic_sar,vwap,wma,trix,bb_upper,bb_middle,bb_lower
2024-11-11 02:00:00,80370.01,89530.54,80216.01,88647.99,82323.665776,93.91918448924442,3959.714825573232,2521.7972138907403,1437.9176116824915,30.2810512347478,78880.08060019818,72274.7801621881,19145.95128483686,6449.299193164351,3056.5087461653966,170.12415061391263,69593.1079341312,58812.51005979462,76019.88247619048,0.5269034860631724,89185.60164241843,79612.626,70039.65035758157
