time,open,high,low,close,volume,rsi,macd,macd_signal,macd_diff,adx,ema_short,ema_long,bb_width,volatility,atr,cci,parabolic_sar,vwap,wma,trix,bb_upper,bb_middle,bb_lower
2024-04-01 03:00:00,71280.0,71288.23,64493.07,69360.39,274227.11488,79.28383068877842,9480.61962754895,7367.513089914824,2113.106537634125,60.24446025634372,64961.30607305365,50761.827101839255,5334.955047490366,10523.68111956547,5362.8623972616915,65.48231958555206,54058.21704971066,40291.51848878408,61103.67676190476,2.7581752752091186,71707.42752374518,69039.95,66372.47247625481
