time,open,high,low,close,volume,rsi,macd,macd_signal,macd_diff,adx,ema_short,ema_long,bb_width,volatility,atr,cci,parabolic_sar,vwap,wma,trix,bb_upper,bb_middle,bb_lower
2024-05-05 03:00:00,63892.03,64646.0,62822.17,64012.0,18526.75029,58.844125938262735,-1051.4097001718328,-1135.4687812903903,84.05908111855751,26.789492892812827,62663.27628140279,63884.728098856234,9735.658863919583,2136.0758541933956,3076.34285526941,73.31028641374506,65445.78577678541,54780.54591194027,62510.502571428566,-0.2741374993995212,66510.15543195979,61642.326,56774.49656804021
