time,open,high,low,close,volume,rsi,macd,macd_signal,macd_diff,adx,ema_short,ema_long,bb_width,volatility,atr,cci,parabolic_sar,vwap,wma,trix,bb_upper,bb_middle,bb_lower
2024-08-09 03:00:00,61686.0,61744.37,59535.0,60837.99,30972.48017,52.25673212128192,-1418.6134474059509,-776.5368782515985,-642.0765691543523,26.167196823685455,59525.231332797484,61872.326695627045,12465.261767414791,3867.721378888244,3410.10445546985,36.1799337707483,49000.0,57242.86806814489,59961.690857142865,-0.1288406468296443,63772.4228837074,57539.792,51307.161116292606
