time,open,high,low,close,volume,rsi,macd,macd_signal,macd_diff,ADX,ema_short,ema_long,bb_width,volatility,atr,cci,parabolic_sar,vwap,wma,trix,bb_upper,bb_middle,bb_lower
2025-05-02 03:00:00,96489.9,97895.68,96350.0,96887.14,14905.74811,81.2589250127244,3155.1050394834456,2572.6563464121464,582.4486930712992,29.7483975332865,94970.42448176128,90402.47094207052,4510.900771063374,1104.6539032934566,2816.614993656618,192.9033376023108,92103.6767395494,93071.93245216248,94429.73742857145,0.4446386560051491,97618.86038553168,95363.41,93107.95961446832
