time,open,high,low,close,volume,rsi,macd,macd_signal,macd_diff,ADX,ema_short,ema_long,bb_width,volatility,atr,cci,parabolic_sar,vwap,wma,trix,bb_upper,bb_middle,bb_lower
2025-04-04 03:00:00,83213.09,84720.0,81659.0,83889.87,32915.53976,49.30771140504961,-997.3354126386404,-1075.4834652000318,78.14805256139152,18.64061558682921,83721.17085140398,84942.35945269422,3938.986481946689,1816.52912948118,3394.627862899707,-27.91556735262324,88614.3462,94387.55220744702,84079.46685714285,-0.1699710722569174,85435.01324097333,83465.51999999999,81496.02675902664
