time,open,high,low,close,volume,rsi,macd,macd_signal,macd_diff,ADX,ema_short,ema_long,bb_width,volatility,atr,cci,parabolic_sar,vwap,wma,trix,bb_upper,bb_middle,bb_lower
2025-03-29 03:00:00,84424.38,84624.73,81644.81,82648.54,11696.39864,32.91400291066256,-855.2864588483935,-1193.627722138765,338.34126329037144,23.370960347228426,85084.05909101608,85936.31236964076,7507.070068295579,1780.127611087132,3419.298509360204,-123.15629410052928,79537.6081516096,94854.8439994408,85391.53228571429,-0.2092725930747396,89474.92903414779,85721.394,81967.85896585221
