time,open,high,low,close,volume,rsi,macd,macd_signal,macd_diff,ADX,ema_short,ema_long,bb_width,volatility,atr,cci,parabolic_sar,vwap,wma,trix,bb_upper,bb_middle,bb_lower
2025-01-03 02:00:00,96984.79,98976.91,96100.01,98174.18,15253.82936,63.92876298845936,-784.9620525426726,-836.3124598377788,51.35040729510615,20.528567741228947,95963.39719490432,96905.75526327876,8165.080273433559,2142.63835602112,3711.015104026371,137.6835829778794,100314.85592751928,98091.88019728567,95548.5394285714,,99306.30213671678,95223.762,91141.22186328322
