time,open,high,low,close,volume,rsi,macd,macd_signal,macd_diff,adx,ema_short,ema_long,bb_width,volatility,atr,cci,parabolic_sar,vwap,wma,trix,bb_upper,bb_middle,bb_lower
2024-09-29 03:00:00,65858.0,66076.12,65432.0,65602.01,8337.74111,72.56176506936893,1736.897699220135,1283.7116920089948,453.18600721114035,23.804917709205455,64797.65827720228,62156.58359823114,4029.8582797826166,1150.4680877766807,1990.3611002909443,92.5811104344122,63435.6,57532.21005661042,64327.656952380945,0.3109148214821382,67126.1211398913,65111.191999999995,63096.26286010868
