time,open,high,low,close,volume,rsi,macd,macd_signal,macd_diff,ADX,ema_short,ema_long,bb_width,volatility,atr,cci,parabolic_sar,vwap,wma,trix,bb_upper,bb_middle,bb_lower
2025-02-23 02:00:00,96551.01,96650.0,95227.94,96258.0,10884.84913,44.62642457638496,-813.1666634003923,-869.9280158914441,56.761352491051866,32.75946684283005,96590.1181117154,97574.05280867452,3111.9090225657856,861.9613533767072,3023.8907579584006,-53.96023401799905,92015.20759552,98860.89638149804,96636.38285714285,-0.1402264710744411,98344.0265112829,96788.072,95232.11748871712
