time,open,high,low,close,volume,rsi,macd,macd_signal,macd_diff,adx,ema_short,ema_long,bb_width,volatility,atr,cci,parabolic_sar,vwap,wma,trix,bb_upper,bb_middle,bb_lower
2024-08-31 03:00:00,59123.99,59462.38,58744.0,58973.99,8798.409,36.11076444929572,-362.8475820563399,-220.43168891272603,-142.41589314361386,19.81715586960968,59920.00037995069,60579.75590431505,701.749438770712,2351.5834362200526,2579.4731777492784,-70.57814164205573,64854.022,57385.6486453335,60605.02219047619,-0.05730402749783393,59532.25271938536,59181.378000000004,58830.50328061465
