time,open,high,low,close,volume,rsi,macd,macd_signal,macd_diff,adx,ema_short,ema_long,bb_width,volatility,atr,cci,parabolic_sar,vwap,wma,trix,bb_upper,bb_middle,bb_lower
2024-04-22 03:00:00,64941.15,67232.35,64500.0,66819.32,31397.99371,60.903719536420944,-680.313937251165,-500.6913154747846,-179.62262177638047,21.9338794602345,65087.33197020012,66060.4216943768,4681.985956407239,1496.8581587972508,3526.7448110632317,141.81207760305526,67339.69283395052,54282.429763038344,64799.63161904763,-0.12702221066306932,67138.82297820362,64797.83,62456.83702179638
