time,open,high,low,close,volume,rsi,macd,macd_signal,macd_diff,ADX,ema_short,ema_long,bb_width,volatility,atr,cci,parabolic_sar,vwap,wma,trix,bb_upper,bb_middle,bb_lower
2025-03-17 02:00:00,82574.52,84756.83,82456.0,84010.03,17214.74358,49.80440332571137,-2814.444599200433,-3069.3956633870825,254.95106418664955,36.3894191419452,83521.9368915282,86850.98446491068,4833.445340034639,2174.6499703017853,4417.415016569947,75.14061141978789,88612.76713387984,95459.08698157856,83470.61666666667,-0.5025283673039445,85621.11867001731,83204.396,80787.67332998267
