time,open,high,low,close,volume,rsi,macd,macd_signal,macd_diff,adx,ema_short,ema_long,bb_width,volatility,atr,cci,parabolic_sar,vwap,wma,trix,bb_upper,bb_middle,bb_lower
2024-09-16 03:00:00,59132.0,59210.7,57493.3,58213.99,26477.5642,49.2746198496943,-310.2857746010486,-694.4380468172556,384.15227221620694,18.679803929253296,58524.72968196071,58538.5745594459,3765.227377475996,2019.110779406146,2278.1255730825847,22.026912017289973,53587.59751936,57379.49218505393,57949.511904761916,-0.18266678613134413,61076.48168873799,59193.867999999995,57311.254311262
