time,open,high,low,close,volume,rsi,macd,macd_signal,macd_diff,adx,ema_short,ema_long,bb_width,volatility,atr,cci,parabolic_sar,vwap,wma,trix,bb_upper,bb_middle,bb_lower
2024-08-04 03:00:00,60697.99,61117.63,57122.77,58161.0,31616.52003,15.84376890662972,-299.9435563777588,681.0407656848214,-980.9843220625802,21.576407188085817,62429.55405261163,63852.40294049579,10555.397127502772,3481.942841990075,2685.604007963027,-149.78551167340456,68993.05418848,57280.573524130334,63998.58580952381,0.1994279906521745,67345.56656375139,62067.868,56790.169436248616
