time,open,high,low,close,volume,rsi,macd,macd_signal,macd_diff,adx,ema_short,ema_long,bb_width,volatility,atr,cci,parabolic_sar,vwap,wma,trix,bb_upper,bb_middle,bb_lower
2024-11-20 02:00:00,92310.8,94831.97,91500.0,94286.56,42203.198712,81.90429047840811,6369.333441601833,5567.877641037082,801.4558005647514,49.05829599104185,90669.97155786019,81783.20354681106,6457.716625181463,2051.3022243252876,3453.5645492143935,163.2354996738511,86749.22429244262,59954.67012353234,89540.64561904762,1.107543876956039,94729.72631259072,91500.86799999999,88272.00968740926
