time,open,high,low,close,volume,rsi,macd,macd_signal,macd_diff,adx,ema_short,ema_long,bb_width,volatility,atr,cci,parabolic_sar,vwap,wma,trix,bb_upper,bb_middle,bb_lower
2024-08-20 03:00:00,59438.5,61400.0,58548.23,59013.8,31477.44548,48.15178111281482,-1028.9180252444057,-1128.7627864387478,99.84476119434203,25.55364589291232,59051.97792792824,60257.45228395328,1565.6852353694994,797.7305469611342,2915.9882794374926,66.23351050419963,53302.903897111304,57289.672310874805,59133.17561904762,-0.2763840186113304,59832.09061768475,59049.248,58266.40538231525
