time,open,high,low,close,volume,rsi,macd,macd_signal,macd_diff,adx,ema_short,ema_long,bb_width,volatility,atr,cci,parabolic_sar,vwap,wma,trix,bb_upper,bb_middle,bb_lower
2024-06-05 03:00:00,70537.83,71758.0,70383.66,71108.0,28703.18082,75.0294263614152,1203.029903326009,1110.000305265891,93.0295980601179,21.575077110048763,69363.30079787006,67696.84650730866,5569.56482072192,1252.3658624294624,2226.2448936782703,179.14976975776244,66757.869,56055.164458755076,68896.20999999999,0.264849972584399,71982.42641036096,69197.644,66412.86158963904
