time,open,high,low,close,volume,rsi,macd,macd_signal,macd_diff,ADX,ema_short,ema_long,bb_width,volatility,atr,cci,parabolic_sar,vwap,wma,trix,bb_upper,bb_middle,bb_lower
2025-03-31 03:00:00,82390.0,83943.08,81278.52,82550.01,20569.13885,33.47278816509554,-1114.6728432939417,-1149.1545755683012,34.4817322743595,23.14183638992301,83945.40886369655,85424.01769957556,7382.792580658221,2152.286315860232,3269.237796336093,-102.8334656559897,80261.06938452342,94750.7055759584,84709.36733333334,-0.1922015239130586,87540.38229032911,83848.986,80157.5897096709
