time,open,high,low,close,volume,rsi,macd,macd_signal,macd_diff,adx,ema_short,ema_long,bb_width,volatility,atr,cci,parabolic_sar,vwap,wma,trix,bb_upper,bb_middle,bb_lower
2024-06-01 03:00:00,67540.01,67900.0,67428.44,67766.85,8837.66133,47.62223192785154,1019.2570027560141,1179.860451639096,-160.6034488830819,18.91133173419826,68067.26264512021,66951.36362534924,1445.1699580374989,646.3149712896767,2325.543815186599,-96.65090963729675,71221.2623609728,55872.27571587801,68386.59761904762,0.28121731068564354,68664.55297901874,67941.968,67219.38302098124
