time,open,high,low,close,volume,rsi,macd,macd_signal,macd_diff,adx,ema_short,ema_long,bb_width,volatility,atr,cci,parabolic_sar,vwap,wma,trix,bb_upper,bb_middle,bb_lower
2024-04-21 03:00:00,64940.58,65695.56,64237.5,64941.15,19316.42152,49.5709123227407,-880.9623968722299,-455.7856600306894,-425.17673684154045,22.65467676124547,64510.002626933485,65997.18016890819,5370.999157995975,1556.2683320480658,3587.8521042219413,97.44747064056195,68012.70873255492,54222.255171200035,64688.167619047614,-0.11252237299513067,66374.93957899799,63689.44,61003.940421002015
