time,open,high,low,close,volume,rsi,macd,macd_signal,macd_diff,adx,ema_short,ema_long,bb_width,volatility,atr,cci,parabolic_sar,vwap,wma,trix,bb_upper,bb_middle,bb_lower
2024-10-08 03:00:00,62224.01,63200.0,61860.31,62160.49,19702.22371,46.45868758949198,394.3775745658204,685.8062712540969,-291.42869668827655,16.81266649832596,62279.68177803105,62039.28714409891,1124.717118140281,1478.9016088520655,1960.5667982455395,26.75969946265397,59921.111600000004,57611.23705517075,62441.16476190477,0.19178999961850904,62832.03855907015,62269.68000000001,61707.32144092987
