time,open,high,low,close,volume,rsi,macd,macd_signal,macd_diff,adx,ema_short,ema_long,bb_width,volatility,atr,cci,parabolic_sar,vwap,wma,trix,bb_upper,bb_middle,bb_lower
2024-02-12 02:00:00,48300.0,52816.62,47710.01,52137.67,310862.3017,87.40513034355364,4567.992176465508,3811.551698362032,756.4404781034764,50.95051388104043,45630.5483177463,38974.00423792377,16747.999966651274,3533.0586743816507,3604.7211267886228,219.88811484260273,38755.7532,34073.41328485998,44210.73266666667,,53700.385983325636,45326.386,36952.38601667436
