time,open,high,low,close,volume,rsi,macd,macd_signal,macd_diff,adx,ema_short,ema_long,bb_width,volatility,atr,cci,parabolic_sar,vwap,wma,trix,bb_upper,bb_middle,bb_lower
2024-08-02 03:00:00,65354.02,65596.14,61230.01,61498.33,38820.42937,24.264716398261342,632.0250733480498,1101.7643347272233,-469.7392613791735,21.370049111425857,64903.87720464291,64629.07789544297,7389.080873197585,1998.1729811508314,2603.097547696765,-149.43650310602814,69924.4302,57267.46573306011,65774.25752380953,0.28343918131436724,68585.1484365988,64890.60800000001,61196.067563401215
