time,open,high,low,close,volume,rsi,macd,macd_signal,macd_diff,ADX,ema_short,ema_long,bb_width,volatility,atr,cci,parabolic_sar,vwap,wma,trix,bb_upper,bb_middle,bb_lower
2025-05-13 03:00:00,102791.32,104976.25,101429.7,104103.72,21253.42409,72.83148955139703,4106.598935849892,3624.6994029833686,481.89953286652326,35.0101196469429,102316.47789968742,96578.6228437467,3050.0441665363323,4230.588654430341,2954.9256438944026,54.656163547908335,97036.36021810176,93445.7846761881,101049.9581904762,0.5961148060302092,105283.93408326816,103758.912,102233.88991673185
