time,open,high,low,close,volume,rsi,macd,macd_signal,macd_diff,adx,ema_short,ema_long,bb_width,volatility,atr,cci,parabolic_sar,vwap,wma,trix,bb_upper,bb_middle,bb_lower
2024-05-27 03:00:00,68507.67,70687.56,68250.0,69436.43,23136.92737,61.44982989232354,1519.3715356586763,1177.1714808567672,342.2000548019091,21.853354330677206,68705.50616709089,66474.518715506,2169.6615817807324,1504.2374718244794,2552.07570856148,45.12765193404115,67353.1632,55682.10398723939,68588.26457142856,0.26082174221604,69835.69279089036,68750.862,67666.03120910963
