time,open,high,low,close,volume,rsi,macd,macd_signal,macd_diff,adx,ema_short,ema_long,bb_width,volatility,atr,cci,parabolic_sar,vwap,wma,trix,bb_upper,bb_middle,bb_lower
2024-09-28 03:00:00,65769.95,66260.0,65422.23,65858.0,9127.23316,77.21248239762257,1694.1151273171417,1170.4151902062094,523.6999371109323,22.747285046440997,64529.541036269715,61869.46473141706,4077.3365456185493,1130.0478779716143,2093.918108005633,137.86810427797946,62670.0,57526.12895799076,63962.18295238095,0.28101489735823715,66881.99827280927,64843.33,62804.66172719072
