time,open,high,low,close,volume,rsi,macd,macd_signal,macd_diff,ADX,ema_short,ema_long,bb_width,volatility,atr,cci,parabolic_sar,vwap,wma,trix,bb_upper,bb_middle,bb_lower
2025-06-04 03:00:00,105376.9,106000.0,104179.0,104696.86,14034.89482,38.03324018100337,1366.5418963724078,2244.280220857708,-877.7383244852999,19.29741783907478,105555.54216063488,104628.32316608996,2022.1492808101173,1876.4384122394488,2680.693367925924,-49.60185151329575,108644.0577533058,94595.38261862712,106051.81495238096,0.3336605087496159,106244.38464040509,105233.31,104222.23535959495
