time,open,high,low,close,volume,rsi,macd,macd_signal,macd_diff,adx,ema_short,ema_long,bb_width,volatility,atr,cci,parabolic_sar,vwap,wma,trix,bb_upper,bb_middle,bb_lower
2024-08-19 03:00:00,58427.35,59617.63,57787.3,59438.5,22809.31251,51.31198725589332,-1082.8395673396517,-1153.7239767373333,70.88440939768157,26.36396246915697,59064.70390390431,60361.08997428272,2887.56510088309,1000.98026019741,2920.9281470865308,-28.254987460932988,52946.441559490944,57284.2807105571,59128.54447619047,-0.2788162496513577,60198.48255044154,58754.7,57310.91744955845
