time,open,high,low,close,volume,rsi,macd,macd_signal,macd_diff,ADX,ema_short,ema_long,bb_width,volatility,atr,cci,parabolic_sar,vwap,wma,trix,bb_upper,bb_middle,bb_lower
2025-01-10 02:00:00,92552.49,95836.0,92206.02,94726.11,31482.86424,43.713322352193785,-611.6603173034819,-442.8050036232029,-168.85531368027893,16.14641229194672,95731.0832547153,96746.38154891827,13110.81837373937,2712.052406464467,3790.21711114902,-88.5465427694008,102493.9658,97841.98908441224,96262.01838095236,-0.0915067078823872,102861.29318686968,96305.884,89750.47481313032
