time,open,high,low,close,volume,rsi,macd,macd_signal,macd_diff,ADX,ema_short,ema_long,bb_width,volatility,atr,cci,parabolic_sar,vwap,wma,trix,bb_upper,bb_middle,bb_lower
2025-03-13 02:00:00,83680.12,84336.33,79939.9,81115.78,27546.27412,37.59912515995861,-3509.1616884007526,-3148.951311040468,-360.2103773602853,36.423618879108766,83181.06474359526,88036.03661614168,7140.947156117618,4021.742807028815,5007.712675555866,-57.06174173960974,91984.52465904,95720.1167214866,84330.6019047619,-0.4980811667752976,84982.2975780588,81411.824,77841.35042194118
