time,open,high,low,close,volume,rsi,macd,macd_signal,macd_diff,adx,ema_short,ema_long,bb_width,volatility,atr,cci,parabolic_sar,vwap,wma,trix,bb_upper,bb_middle,bb_lower
2024-08-19 03:00:00,58427.35,65000.0,57787.3,64220.0,169792.31289,55.14548154010037,1981.6677216853132,3370.9783524493187,-1389.3106307640055,28.628944215633712,61934.43346288069,60646.31530675059,16129.909098370088,4233.9618528696765,7031.977617891499,27.85679417965334,69658.39020000001,46083.60599379775,62368.62266666666,0.8983119145229926,69619.11854918505,61554.164000000004,53489.20945081496
