time,open,high,low,close,volume,rsi,macd,macd_signal,macd_diff,adx,ema_short,ema_long,bb_width,volatility,atr,cci,parabolic_sar,vwap,wma,trix,bb_upper,bb_middle,bb_lower
2024-08-14 03:00:00,60587.16,61800.0,58433.18,58683.39,28422.76326,43.07803514648433,-1211.9922704817873,-1094.4043138059105,-117.58795667587674,25.232495369585312,59513.664105341595,61126.06506687785,3754.5387490745634,2668.7835787661093,3264.448993917652,26.611973236953077,50928.57046827827,57270.68581653191,59168.73704761904,-0.24154547539994037,61527.92537453728,59650.655999999995,57773.386625462714
