time,open,high,low,close,volume,rsi,macd,macd_signal,macd_diff,ADX,ema_short,ema_long,bb_width,volatility,atr,cci,parabolic_sar,vwap,wma,trix,bb_upper,bb_middle,bb_lower
2025-03-25 02:00:00,87498.16,88539.63,86310.0,87392.87,22643.25248,63.56667373036402,-978.2882339566132,-1854.287881825144,875.9996478685302,27.558966519229987,85836.3256456805,86234.47936387487,6265.1877267526,1866.5059254661703,3614.332486803039,129.51043501937295,77900.81679854028,95055.31121179648,85152.68342857143,-0.3258922858865661,88913.17586337631,85780.58200000001,82647.98813662371
