time,open,high,low,close,volume,rsi,macd,macd_signal,macd_diff,ADX,ema_short,ema_long,bb_width,volatility,atr,cci,parabolic_sar,vwap,wma,trix,bb_upper,bb_middle,bb_lower
2025-01-05 02:00:00,98220.51,98836.85,97276.79,98363.61,8095.63723,64.94554040517104,-369.0447894711833,-698.9283831366861,329.8835936655028,18.033665184487536,96986.65717213368,97111.2525911961,5705.038424219558,2142.0372982499653,3395.0495539819226,95.45065267450866,99292.35107755604,98094.78554710958,96213.7578095238,,100119.49321210978,97266.974,94414.45478789022
