time,open,high,low,close,volume,rsi,macd,macd_signal,macd_diff,adx,ema_short,ema_long,bb_width,volatility,atr,cci,parabolic_sar,vwap,wma,trix,bb_upper,bb_middle,bb_lower
2024-04-13 03:00:00,67116.52,67929.0,60660.57,63924.51,71395.22019,28.31018644682115,460.4206597381708,1074.9605043396803,-614.5398446015095,17.110837480315826,67773.82505695974,67830.86037573231,9718.453398384707,2128.280508256177,3653.0668475068187,-202.3684815263822,72643.76740000001,53641.3477252187,68360.54314285713,0.21001314765083373,73024.09469919236,68164.868,63305.64130080765
