time,open,high,low,close,volume,rsi,macd,macd_signal,macd_diff,adx,ema_short,ema_long,bb_width,volatility,atr,cci,parabolic_sar,vwap,wma,trix,bb_upper,bb_middle,bb_lower
2024-09-12 03:00:00,57338.0,58588.0,57324.0,58132.32,31074.40631,59.22243371235155,-999.6070018964965,-1109.2417340673273,109.63473217083083,23.429379664818644,57100.053809653604,58220.336603121825,4504.108765819881,1589.998568012967,2416.6534734617344,97.13698180876239,52550.0,57363.525471592184,56764.0140952381,-0.2645142274120837,59255.70638290994,57003.652,54751.59761709006
