time,open,high,low,close,volume,rsi,macd,macd_signal,macd_diff,adx,ema_short,ema_long,bb_width,volatility,atr,cci,parabolic_sar,vwap,wma,trix,bb_upper,bb_middle,bb_lower
2024-10-30 02:00:00,72736.41,72961.0,71436.0,72344.74,26885.99056,77.08552068138084,1996.4350798457017,1607.4555766457397,388.979503199962,23.397071644524456,70007.89734007066,67030.3431394969,9006.302044931734,2259.4925829745325,2085.6829334880917,140.0406630914073,67618.0,58053.738017679214,69110.92990476191,0.363615565161637,74534.71702246586,70031.56599999999,65528.41497753413
