time,open,high,low,close,volume,rsi,macd,macd_signal,macd_diff,ADX,ema_short,ema_long,bb_width,volatility,atr,cci,parabolic_sar,vwap,wma,trix,bb_upper,bb_middle,bb_lower
2025-06-06 03:00:00,101508.69,105333.0,101095.8,104288.44,15839.07385,45.628576178503984,780.85335979292,1739.6599221923343,-958.8065623994146,19.90672030199924,104479.97996535712,104380.66518294056,6073.061400741455,1609.5150740431711,2981.3511692830675,-88.64508495777746,107415.4414197372,94655.32602821516,105061.27161904762,0.2580780449581895,107382.30270037072,104345.772,101309.24129962928
