time,open,high,low,close,volume,rsi,macd,macd_signal,macd_diff,adx,ema_short,ema_long,bb_width,volatility,atr,cci,parabolic_sar,vwap,wma,trix,bb_upper,bb_middle,bb_lower
2024-02-26 02:00:00,51728.85,64000.0,50901.44,63113.97,417907.83383,92.78916191982395,6017.2222419805985,4427.264415209738,1589.9578267708603,54.49328287126262,51144.835303732296,41736.59420272795,26837.107534688388,7016.423691197681,4207.192400139169,174.90117915855586,40138.19659968,35509.84320446239,48005.07847619048,,64991.22576734419,51572.672,38154.118232655805
