time,open,high,low,close,volume,rsi,macd,macd_signal,macd_diff,adx,ema_short,ema_long,bb_width,volatility,atr,cci,parabolic_sar,vwap,wma,trix,bb_upper,bb_middle,bb_lower
2024-05-22 03:00:00,70148.34,70666.0,68842.19,69166.62,27673.18026,63.169275954451045,1442.5019456566806,531.1181343128078,911.3838113438728,23.97156403220505,68059.49360123898,65331.75973767989,7774.757225725771,3047.8452014602703,2697.1109998878783,88.14668821882934,63581.487564910974,55483.49274486132,66872.2199047619,0.09278418920729903,72677.53661286287,68790.15799999998,64902.779387137096
