time,open,high,low,close,volume,rsi,macd,macd_signal,macd_diff,adx,ema_short,ema_long,bb_width,volatility,atr,cci,parabolic_sar,vwap,wma,trix,bb_upper,bb_middle,bb_lower
2024-03-11 02:00:00,68955.88,72800.0,67024.96,72078.1,75292.825726,82.88801460314514,5315.565667425944,4729.205995228074,586.3596721978702,54.829347942935954,68089.21371022327,60707.912434162696,7009.561760197073,3079.4418410724807,3048.8439669617987,131.3320960451574,62612.002253757,48570.19758586411,66938.30076190477,1.3033411560000134,72363.70288009853,68858.92199999999,65354.141119901455
