time,open,high,low,close,volume,rsi,macd,macd_signal,macd_diff,ADX,ema_short,ema_long,bb_width,volatility,atr,cci,parabolic_sar,vwap,wma,trix,bb_upper,bb_middle,bb_lower
2025-03-30 03:00:00,82648.53,83534.64,81565.0,82389.99,9864.49508,31.79903920146397,-1014.3641546293948,-1157.775008636891,143.41085400749623,23.361261063508625,84410.54181826206,85663.51834120686,8179.963911798928,1999.5588466179488,3315.751472977332,-124.16515620342612,79906.72102554522,94820.5989730598,85038.90304761905,-0.1983611113123144,88810.79995589946,84720.818,80630.83604410054
