time,open,high,low,close,volume,rsi,macd,macd_signal,macd_diff,adx,ema_short,ema_long,bb_width,volatility,atr,cci,parabolic_sar,vwap,wma,trix,bb_upper,bb_middle,bb_lower
2024-03-30 03:00:00,69850.53,70321.1,69540.0,69582.18,13644.61142,56.50360518297173,2070.797859277096,2271.586151749966,-200.78829247287013,24.459075123267755,69185.53587960638,66663.71596794513,1846.6795116688882,2665.0570256058368,3438.9646042567124,47.259662247008364,63161.453804736,52155.46717499127,68392.65333333332,0.5128835207581969,70857.60175583445,69934.262,69010.92224416556
