time,open,high,low,close,volume,rsi,macd,macd_signal,macd_diff,adx,ema_short,ema_long,bb_width,volatility,atr,cci,parabolic_sar,vwap,wma,trix,bb_upper,bb_middle,bb_lower
2024-08-26 03:00:00,64219.99,64481.0,62800.0,62834.0,19470.05276,58.82019687294337,384.5555878030791,-304.2403500181438,688.7959378212229,20.26459098544632,62439.71699205558,61274.22520926103,5862.09873616734,2300.2403687687433,2632.6186585791484,63.205598118858155,56288.07938401032,57361.31576133385,61574.018,-0.10172709036035753,66055.86736808367,63124.81799999999,60193.768631916326
