time,open,high,low,close,volume,rsi,macd,macd_signal,macd_diff,adx,ema_short,ema_long,bb_width,volatility,atr,cci,parabolic_sar,vwap,wma,trix,bb_upper,bb_middle,bb_lower
2024-04-05 03:00:00,68487.8,68756.67,65952.56,67820.62,37915.23073,48.089234769089735,1086.255183350091,1637.237121083102,-550.9819377330109,19.143354867494004,68028.82418120925,67168.47996144218,6249.323399132314,1920.0737730956669,3388.132436991833,-48.34447834186361,71065.99419072001,52818.90916031487,68525.31504761903,0.3487235222568597,70601.75769956615,67477.09599999999,64352.43430043384
