time,open,high,low,close,volume,rsi,macd,macd_signal,macd_diff,ADX,ema_short,ema_long,bb_width,volatility,atr,cci,parabolic_sar,vwap,wma,trix,bb_upper,bb_middle,bb_lower
2025-06-17 03:00:00,106794.53,107771.34,103371.02,104551.17,17866.33025,38.703831980405454,535.0240931902517,934.978393802372,-399.95430061212016,16.04136114916895,105945.26334811049,105659.43466295354,2963.03014138859,2074.840091921124,2976.3297706864405,-73.21474378718736,103280.993424,95026.93287874117,106329.17952380954,0.1155338062011713,107165.7030706943,105684.188,104202.67292930571
