time,open,high,low,close,volume,rsi,macd,macd_signal,macd_diff,adx,ema_short,ema_long,bb_width,volatility,atr,cci,parabolic_sar,vwap,wma,trix,bb_upper,bb_middle,bb_lower
2024-09-26 03:00:00,63152.01,65839.0,62670.0,65173.99,28373.30593,74.04636706206932,1440.2414270881345,902.1620330787803,538.0793940093542,20.38169246345304,63525.6451755906,61184.34819173251,2956.152140820399,1316.348654413465,2229.963722894107,143.40491416170974,60851.86935702068,57502.76202715209,63012.788190476196,0.21110473481084363,65379.56607041019,63901.48999999999,62423.41392958979
