time,open,high,low,close,volume,rsi,macd,macd_signal,macd_diff,ADX,ema_short,ema_long,bb_width,volatility,atr,cci,parabolic_sar,vwap,wma,trix,bb_upper,bb_middle,bb_lower
2025-01-19 02:00:00,104556.23,106422.43,99651.6,101331.57,43397.28298,58.56349809009901,1212.5064848663023,296.4846490982378,916.0218357680644,14.40318406054483,100713.71813694976,98241.24055293566,7497.298615307925,4035.324944176644,3974.398108903385,75.33268387114036,90772.79371904,98143.75855657308,99157.67228571427,0.0184965959033776,105838.63530765397,102089.986,98341.33669234604
