time,open,high,low,close,volume,rsi,macd,macd_signal,macd_diff,adx,ema_short,ema_long,bb_width,volatility,atr,cci,parabolic_sar,vwap,wma,trix,bb_upper,bb_middle,bb_lower
2024-11-13 02:00:00,87952.0,93265.64,86127.99,90375.2,86763.854127,91.187131992421,5273.166948472644,3407.3498717798525,1865.817076692792,35.93883570626579,83454.84721261148,74780.29623287033,21273.488762203255,7850.4616423379875,3468.1687658262854,123.51235447037685,73789.2290038319,59257.47040803882,79959.03723809525,0.6956476300074687,95441.27838110164,84804.53400000001,74167.78961889839
