time,open,high,low,close,volume,rsi,macd,macd_signal,macd_diff,adx,ema_short,ema_long,bb_width,volatility,atr,cci,parabolic_sar,vwap,wma,trix,bb_upper,bb_middle,bb_lower
2024-03-25 02:00:00,67210.0,71150.0,66385.06,69880.01,53431.14486,62.0627137734836,1910.79427325102,2639.9692035921885,-729.1749303411684,33.61862351400136,66903.10148443178,65058.083801063556,9056.900202169665,2452.915024794892,4023.0908572468684,149.99997303758397,60775.0,51622.22365276093,66692.06352380953,0.6563579485577152,70604.03410108484,66075.584,61547.13389891517
