time,open,high,low,close,volume,rsi,macd,macd_signal,macd_diff,ADX,ema_short,ema_long,bb_width,volatility,atr,cci,parabolic_sar,vwap,wma,trix,bb_upper,bb_middle,bb_lower
2025-01-20 02:00:00,101331.57,109588.0,99550.0,102260.01,89529.231732,62.06869926805395,1349.6496190392645,507.1176430864432,842.5319759528213,14.502961317607149,101100.29110271232,98550.37666424832,6796.820248717035,3946.083597327136,4407.5125296960005,83.30503378602097,91711.7718958976,98366.69089930244,99723.56542857144,0.0504727624917675,105840.92812435851,102442.518,99044.10787564148
