time,open,high,low,close,volume,rsi,macd,macd_signal,macd_diff,ADX,ema_short,ema_long,bb_width,volatility,atr,cci,parabolic_sar,vwap,wma,trix,bb_upper,bb_middle,bb_lower
2025-04-15 03:00:00,84591.58,86496.42,83600.0,83643.99,20910.99528,53.4236100773666,-514.559350189229,-1025.3822572586578,510.8229070694288,14.514895187171144,83254.94928833096,83384.5101744511,2771.151067050261,3044.3110789449584,3893.1609182128864,73.39305846818012,75626.882304,93155.78041938122,82491.89123809524,-0.1714719063358659,85524.83753352512,84139.26199999999,82753.68646647486
