time,open,high,low,close,volume,rsi,macd,macd_signal,macd_diff,adx,ema_short,ema_long,bb_width,volatility,atr,cci,parabolic_sar,vwap,wma,trix,bb_upper,bb_middle,bb_lower
2024-09-06 03:00:00,56180.0,57008.0,52550.0,53962.97,54447.76826,22.344299769045108,-1256.1126973308856,-717.7536437994188,-538.3590535314668,23.44600671078633,56981.22593188087,59150.465564376034,7067.282810952427,1717.7343312743478,2680.846087449322,-198.91814003538104,62340.69853410027,57370.63009532982,57872.59876190477,-0.15697006508638783,60480.38740547621,56946.746,53413.104594523786
