time,open,high,low,close,volume,rsi,macd,macd_signal,macd_diff,ADX,ema_short,ema_long,bb_width,volatility,atr,cci,parabolic_sar,vwap,wma,trix,bb_upper,bb_middle,bb_lower
2025-03-11 02:00:00,78595.86,83617.4,76606.0,82932.99,48770.06853,42.071260097640106,-3520.853285012417,-2968.2580879948346,-552.5951970175829,36.131160440059794,83932.61732194714,89023.77505644404,12567.256985079264,4691.749481678598,5141.08322135473,-102.707539405936,94010.3964,95963.897807959,85266.12123809522,-0.4656425512859444,89341.11249253963,83057.484,76773.85550746036
