time,open,high,low,close,volume,rsi,macd,macd_signal,macd_diff,adx,ema_short,ema_long,bb_width,volatility,atr,cci,parabolic_sar,vwap,wma,trix,bb_upper,bb_middle,bb_lower
2024-07-23 03:00:00,67532.0,67750.98,65441.08,65936.01,31406.15316,58.81090213620691,1379.906080863133,445.9473472397171,933.9587336234158,29.057624159717964,65940.38591298157,63322.37529995182,3030.91391255887,2174.9195467720774,2436.7597417326792,37.73501656220615,61475.15376518434,57008.16608361761,65174.00419047618,0.07061009843804894,68602.12095627944,67086.664,65571.20704372057
