time,open,high,low,close,volume,rsi,macd,macd_signal,macd_diff,adx,ema_short,ema_long,bb_width,volatility,atr,cci,parabolic_sar,vwap,wma,trix,bb_upper,bb_middle,bb_lower
2024-10-29 02:00:00,69962.21,73620.12,69760.0,72736.42,50128.60594,81.53138176934993,1806.6993704565393,1510.2107008457492,296.4886696107901,21.74718977635411,69228.94978676089,66587.47673445496,8896.068437455986,1866.7487849021607,2128.8123899102525,229.67467917676842,66655.48673599999,58021.18338972483,68560.78961904763,0.3448621523259935,73350.31821872799,68902.284,64454.249781272
