time,open,high,low,close,volume,rsi,macd,macd_signal,macd_diff,adx,ema_short,ema_long,bb_width,volatility,atr,cci,parabolic_sar,vwap,wma,trix,bb_upper,bb_middle,bb_lower
2024-07-26 03:00:00,65799.95,68200.0,65722.63,67907.99,24244.36023,70.1125200771251,1455.313130716415,900.6460915023665,554.6670392140484,25.245672481757715,66326.58843203909,63985.63997647555,4047.111062268319,1486.1049918637111,2430.913317269205,71.21681902284364,68374.193,57091.14963304964,66171.26523809525,0.1984856188258133,68533.94753113415,66510.39199999999,64486.83646886583
