time,open,high,low,close,volume,rsi,macd,macd_signal,macd_diff,ADX,ema_short,ema_long,bb_width,volatility,atr,cci,parabolic_sar,vwap,wma,trix,bb_upper,bb_middle,bb_lower
2025-06-01 03:00:00,104591.88,105866.91,103752.49,105642.93,9709.70006,45.20691955920456,1963.2864918951964,2904.86080761966,-941.5743157244638,23.44346038652853,106042.97586224564,104451.56901383078,5169.687216258346,1935.374195818156,2851.3745614878176,-76.62559406135095,110228.68057001752,94509.1089100853,106885.05657142856,0.4355780028178825,108103.2076081292,105518.36400000002,102933.52039187084
