time,open,high,low,close,volume,rsi,macd,macd_signal,macd_diff,adx,ema_short,ema_long,bb_width,volatility,atr,cci,parabolic_sar,vwap,wma,trix,bb_upper,bb_middle,bb_lower
2024-01-08 02:00:00,43929.01,47248.99,43175.0,46951.04,72814.57589,76.99127214317747,815.4039699229397,643.7333254315068,171.67064449143288,17.543983821417925,44581.15267921714,43336.9209982329,4658.198014813795,1390.621222605167,1820.1486841654842,183.9563148108657,40750.0,42719.621436451394,44069.39676190476,,46958.017007406896,44628.918,42299.8189925931
