time,open,high,low,close,volume,rsi,macd,macd_signal,macd_diff,adx,ema_short,ema_long,bb_width,volatility,atr,cci,parabolic_sar,vwap,wma,trix,bb_upper,bb_middle,bb_lower
2024-04-10 03:00:00,69146.0,71172.08,67518.0,70631.08,42006.02377,58.265194894172915,1225.7358347971604,1328.250090591817,-102.51425579465672,16.26409159291451,69602.9012461268,68096.11331914576,4139.904659895576,1903.5237673331178,3271.7237276097912,60.50621010962722,64821.944832,53306.46219868203,69185.80447619047,0.26447271144897555,72000.64632994779,69930.694,67860.74167005222
