time,open,high,low,close,volume,rsi,macd,macd_signal,macd_diff,adx,ema_short,ema_long,bb_width,volatility,atr,cci,parabolic_sar,vwap,wma,trix,bb_upper,bb_middle,bb_lower
2024-12-26 02:00:00,99429.61,99963.7,95199.14,95791.6,21192.36727,38.43276518957563,649.3361733675265,1621.835274587914,-972.4991012203875,26.570809622101233,97645.28260790437,97723.38757005369,7523.622136205435,3266.5908948986885,4245.169685636204,-24.12191995878911,104652.87095222232,63494.070076336604,98355.02000000002,0.23952154706599546,100552.31506810272,96790.504,93028.69293189728
