time,open,high,low,close,volume,rsi,macd,macd_signal,macd_diff,adx,ema_short,ema_long,bb_width,volatility,atr,cci,parabolic_sar,vwap,wma,trix,bb_upper,bb_middle,bb_lower
2024-03-14 02:00:00,73072.4,73777.0,68555.0,71388.94,71757.628746,67.17755545723548,5393.7766418310275,5068.411949977182,325.3646918538452,55.99868054665104,70321.38781525043,63111.692738385595,5435.518784022279,2984.3126070937515,3237.458708241644,69.58465447351654,66944.24115105353,49517.33417305536,69338.6204761905,1.3494411230374637,74107.22739201115,71389.46800000001,68671.70860798887
