time,open,high,low,close,volume,rsi,macd,macd_signal,macd_diff,ADX,ema_short,ema_long,bb_width,volatility,atr,cci,parabolic_sar,vwap,wma,trix,bb_upper,bb_middle,bb_lower
2025-01-17 02:00:00,99987.3,105865.22,99950.77,104077.48,39171.85292,78.99740416224401,644.5460542334476,-194.2404098538647,838.7864640873123,15.064602013851005,99158.28002124402,97436.00335726477,13240.730938962952,3608.5188804988034,3839.900114467832,162.71406198420652,89488.8894,97947.06996916792,97726.64247619048,-0.0512782071588564,105752.18346948148,99131.818,92511.45253051852
