time,open,high,low,close,volume,rsi,macd,macd_signal,macd_diff,ADX,ema_short,ema_long,bb_width,volatility,atr,cci,parabolic_sar,vwap,wma,trix,bb_upper,bb_middle,bb_lower
2025-05-12 03:00:00,104118.0,105819.45,100718.37,102791.32,31272.77792,67.97536297015907,4063.2670153043,3504.224519766737,559.0424955375629,35.18016490859134,101720.73053291658,95951.53141405892,3043.0031969326665,4252.358412911759,2909.4160780401253,58.063855311369466,96060.4613534464,93396.95543068292,100297.94361904764,0.5804375882823266,105111.98959846636,103590.488,102068.98640153368
