time,open,high,low,close,volume,rsi,macd,macd_signal,macd_diff,ADX,ema_short,ema_long,bb_width,volatility,atr,cci,parabolic_sar,vwap,wma,trix,bb_upper,bb_middle,bb_lower
2025-02-04 02:00:00,101328.51,101732.31,96150.0,97763.13,40267.98697,36.23463299038299,255.6658618813672,996.9006649997444,-741.2348031183772,18.1513636305584,100431.23649038916,100860.938362956,7664.690522336314,2285.076134884277,4699.29332681822,-94.39592894390192,106764.67048900452,99227.3027331776,101353.27285714286,0.1641119430086755,103803.83526116816,99971.49,96139.14473883183
