time,open,high,low,close,volume,rsi,macd,macd_signal,macd_diff,adx,ema_short,ema_long,bb_width,volatility,atr,cci,parabolic_sar,vwap,wma,trix,bb_upper,bb_middle,bb_lower
2024-12-04 02:00:00,95849.69,99000.0,94587.83,98587.32,43850.53728,67.2039929906575,4368.560194448553,5063.955718884461,-695.3955244359076,43.67465700659115,96648.70466285753,91680.39617798169,4124.738559435587,1981.3609188613946,3378.7136898940335,92.89591361289975,91543.29351314045,61390.65100082451,96384.43685714286,0.901647562628146,98836.5292797178,96774.16,94711.79072028221
