time,open,high,low,close,volume,rsi,macd,macd_signal,macd_diff,adx,ema_short,ema_long,bb_width,volatility,atr,cci,parabolic_sar,vwap,wma,trix,bb_upper,bb_middle,bb_lower
2024-08-23 03:00:00,60375.83,64955.0,60342.14,64037.24,38118.07089,72.22398181896352,-284.6733907792659,-846.733456865738,562.0600660864721,22.767117543222525,60842.39990709472,60615.507722654205,7117.413664297899,1824.7142037524375,2962.372889914056,202.65514358838178,54288.99849431466,57331.98612112092,60096.392666666674,-0.22190833349629602,64362.988832148956,60804.28200000001,57245.57516785106
