time,open,high,low,close,volume,rsi,macd,macd_signal,macd_diff,adx,ema_short,ema_long,bb_width,volatility,atr,cci,parabolic_sar,vwap,wma,trix,bb_upper,bb_middle,bb_lower
2024-11-05 02:00:00,67850.01,70577.91,67476.63,69372.01,33355.06888,52.8046592357467,1275.5677087527147,1546.3482996915498,-270.7805909388351,20.13537893907244,69180.670573953,67830.77842883312,2461.9082812997513,1627.2468035030813,2203.376765947692,-45.9742604898163,72810.5690587008,58208.297543891924,69415.29847619048,0.3517746141566132,70204.70614064988,68973.75200000001,67742.79785935013
