time,open,high,low,close,volume,rsi,macd,macd_signal,macd_diff,adx,ema_short,ema_long,bb_width,volatility,atr,cci,parabolic_sar,vwap,wma,trix,bb_upper,bb_middle,bb_lower
2024-06-30 03:00:00,60986.68,63058.76,60712.21,62772.01,17326.30136,52.41688888454655,-1647.3375577758852,-1402.7615307011438,-244.57602707474143,33.965710144048344,61927.17401612371,64228.49948317653,3282.3336679036147,1474.7003410688108,1963.6546159609054,20.249291109670132,58402.0,56683.62525009448,62121.98657142856,-0.3090993795183365,62992.764833951805,61351.598,59710.43116604819
