time,open,high,low,close,volume,rsi,macd,macd_signal,macd_diff,adx,ema_short,ema_long,bb_width,volatility,atr,cci,parabolic_sar,vwap,wma,trix,bb_upper,bb_middle,bb_lower
2024-05-14 03:00:00,62940.09,63118.36,61142.77,61577.49,29088.72041,46.22882803684748,-830.6900533178778,-944.1621117041417,113.47205838626394,18.966857826437984,61896.51957792988,62857.34400441377,3109.2849938094005,1118.6924186558413,2649.1055791800427,-15.265330358559666,57888.0700996167,55022.290867614036,61984.247428571434,-0.23363483427417922,63080.150496904695,61525.507999999994,59970.865503095294
