time,open,high,low,close,volume,rsi,macd,macd_signal,macd_diff,adx,ema_short,ema_long,bb_width,volatility,atr,cci,parabolic_sar,vwap,wma,trix,bb_upper,bb_middle,bb_lower
2024-10-15 03:00:00,66084.0,67950.0,64800.01,67074.14,43683.95423,79.49970696826682,832.5375086379863,474.2021872745562,358.3353213634301,14.803020504480868,64203.917399203725,62711.716558232634,7419.372430413576,2120.1746230476033,2189.7118640808653,185.00279011748933,59097.08,57707.08181663224,63242.62704761905,0.11731903806718076,68064.56021520679,64354.873999999996,60645.18778479321
