time,open,high,low,close,volume,rsi,macd,macd_signal,macd_diff,ADX,ema_short,ema_long,bb_width,volatility,atr,cci,parabolic_sar,vwap,wma,trix,bb_upper,bb_middle,bb_lower
2025-03-08 02:00:00,86801.74,86897.25,85218.47,86222.45,12989.23054,40.22020583722881,-2571.1052328640944,-2565.1403158875323,-5.964916976562108,35.34740737892083,87962.96365202285,91251.65222743488,7040.916455875704,3068.863756431197,4743.573900499491,-41.5414817692894,80169.68749761296,96563.12820293212,87893.81619047618,-0.4041602206693256,91689.27422793784,88168.81599999999,84648.35777206214
