time,open,high,low,close,volume,rsi,macd,macd_signal,macd_diff,adx,ema_short,ema_long,bb_width,volatility,atr,cci,parabolic_sar,vwap,wma,trix,bb_upper,bb_middle,bb_lower
2024-10-04 03:00:00,60752.72,62484.85,60459.9,62086.0,21294.65994,45.90218102629053,591.9623702609024,1018.6332791403786,-426.6709088794762,20.07393251630464,62240.647100937655,61936.348190229975,4174.069986602306,2177.780619589452,2148.85464659503,-60.80628563238346,65326.146102528,57585.356957772994,62961.64809523809,0.27185660806439427,63611.30699330115,61524.272,59437.237006698844
